,,,Product Information,,,,,AI Use Cases,,,,,,,,,,,,AI Solutions,,,,,,,AI and Machine Learning Lifecycle,,,,,,Data Analysis,,,Data Processing,,,,,,Data Store,,,,,,Data Governance and Security,,,,,,,,Infrastructure,,,,,,
ISVs,Platform vendor?,Product Name,Open Source,Part of ODH,Community Operator,Certified Operator,UBI Implemented,ML w Jupyter Notebook,Data Acquisition and Preparation,ML Model Serving,Data Security and Governance,Homepage URL,Repository,Logo,Twittter,Crunchbase,Component Projects,AI Frameworks & Packages,Customer Use Cases,Natural Language Processing,Speech & Translation,Decisions and Recommendations,Image & Visual Analysis,Forecasting,Search,Document Extraction,Experimentation & Parameter Tuning,Model Serving,Lineage,Interactive Workbench,Pre-defined Models as a Service,AI/ML Modules and Extensions,Business Intelligence,Dashboards and Charts,Data Exploration,Message Bus,Workflows,Data Orchestration,Analytics Engine,Stream Processing,Batch Processing,Object Storage,In Memory Data Store,Data Virtualization,NoSQL Databases,Relational Databases,Analytics Database/Data Warehouse,Provenance and Lineage,Authentication,Authorization,Data Encryption,Data Catalog,Data Classification,Data Versioning,API Management,Monitoring and Alerting,Metric Visualization,AIOPs,Service Integration,Multi-cluster Management,Hardware Acceleration,Hardware Stacks
NVIDIA,FALSE,DIGITS,full,FALSE,FALSE,FALSE,FALSE,FALSE,FALSE,FALSE,FALSE,https://developer.nvidia.com/digits,https://github.com/NVIDIA/DIGITS,nvidia.svg,https://twitter.com/NVIDIAHPCDev,https://www.crunchbase.com/organization/no-data,,,,FALSE,FALSE,FALSE,FALSE,FALSE,FALSE,FALSE,TRUE,FALSE,FALSE,TRUE,TRUE,FALSE,FALSE,FALSE,FALSE,FALSE,FALSE,FALSE,FALSE,FALSE,FALSE,FALSE,FALSE,FALSE,FALSE,FALSE,FALSE,FALSE,FALSE,FALSE,FALSE,FALSE,FALSE,FALSE,FALSE,FALSE,FALSE,FALSE,FALSE,FALSE,FALSE,FALSE
NVIDIA,FALSE,TensorRT Inference Server,full,FALSE,FALSE,FALSE,FALSE,FALSE,FALSE,FALSE,FALSE,https://developer.nvidia.com/tensorrt,https://github.com/NVIDIA/tensorrt-inference-server,nvidia.svg,https://twitter.com/nvidiaai,https://www.crunchbase.com/organization/no-data,,,Edge,FALSE,FALSE,FALSE,FALSE,FALSE,FALSE,FALSE,FALSE,TRUE,FALSE,FALSE,FALSE,FALSE,FALSE,FALSE,FALSE,FALSE,FALSE,FALSE,FALSE,FALSE,FALSE,FALSE,FALSE,FALSE,FALSE,FALSE,FALSE,FALSE,FALSE,FALSE,FALSE,FALSE,FALSE,FALSE,FALSE,FALSE,FALSE,FALSE,FALSE,FALSE,FALSE,FALSE
NVIDIA,FALSE,RAPIDS,full,FALSE,FALSE,FALSE,FALSE,FALSE,TRUE,FALSE,FALSE,https://rapids.ai/,https://github.com/rapidsai/cuml,nvidia.svg,https://twitter.com/rapidsai,https://www.crunchbase.com/organization/no-data,,,,FALSE,FALSE,FALSE,FALSE,FALSE,FALSE,FALSE,FALSE,FALSE,FALSE,FALSE,FALSE,TRUE,FALSE,FALSE,FALSE,FALSE,FALSE,FALSE,FALSE,FALSE,FALSE,FALSE,FALSE,FALSE,FALSE,FALSE,FALSE,FALSE,FALSE,FALSE,FALSE,FALSE,FALSE,FALSE,FALSE,FALSE,FALSE,FALSE,FALSE,FALSE,FALSE,FALSE
NVIDIA,FALSE,NVIDIA GPU Operator,full,FALSE,TRUE,TRUE,TRUE,FALSE,FALSE,FALSE,FALSE,https://docs.nvidia.com/datacenter/kubernetes/openshift-on-gpu-install-guide/index.html,https://github.com/NVIDIA/gpu-operator,nvidia.svg,https://twitter.com/NVIDIAHPCDev,https://www.crunchbase.com/organization/no-data,,,Edge,FALSE,TRUE,FALSE,FALSE,FALSE,FALSE,FALSE,FALSE,FALSE,FALSE,FALSE,FALSE,FALSE,FALSE,FALSE,FALSE,FALSE,FALSE,FALSE,FALSE,FALSE,FALSE,FALSE,FALSE,FALSE,FALSE,FALSE,FALSE,FALSE,FALSE,FALSE,FALSE,FALSE,FALSE,FALSE,FALSE,FALSE,FALSE,FALSE,FALSE,FALSE,TRUE,FALSE
IBM,TRUE,Watson Machine Learning,proprietary,FALSE,FALSE,FALSE,FALSE,FALSE,FALSE,FALSE,FALSE,https://www.ibm.com/cloud/machine-learning,,ibm.svg,https://twitter.com/IBMcloud,https://www.crunchbase.com/organization/no-data,,,,FALSE,FALSE,FALSE,FALSE,FALSE,FALSE,FALSE,TRUE,TRUE,FALSE,FALSE,FALSE,FALSE,FALSE,FALSE,FALSE,FALSE,FALSE,FALSE,FALSE,FALSE,FALSE,FALSE,FALSE,FALSE,FALSE,FALSE,FALSE,FALSE,FALSE,FALSE,FALSE,FALSE,FALSE,FALSE,FALSE,FALSE,FALSE,FALSE,FALSE,FALSE,FALSE,FALSE
IBM,TRUE,Watson Studio,proprietary,FALSE,FALSE,FALSE,FALSE,TRUE,FALSE,FALSE,TRUE,https://www.ibm.com/cloud/watson-studio,,ibm.svg,https://twitter.com/IBMcloud,https://www.crunchbase.com/organization/no-data,,,,FALSE,FALSE,FALSE,FALSE,FALSE,FALSE,FALSE,FALSE,FALSE,FALSE,TRUE,TRUE,FALSE,FALSE,FALSE,FALSE,FALSE,FALSE,FALSE,FALSE,FALSE,FALSE,FALSE,FALSE,FALSE,FALSE,FALSE,FALSE,FALSE,FALSE,FALSE,FALSE,FALSE,FALSE,FALSE,FALSE,FALSE,FALSE,FALSE,FALSE,FALSE,FALSE,FALSE
IBM,TRUE,Cloud Pak for Data,proprietary,FALSE,FALSE,FALSE,FALSE,FALSE,FALSE,TRUE,FALSE,https://www.ibm.com/products/cloud-pak-for-data,,ibm.svg,https://twitter.com/IBMcloud,https://www.crunchbase.com/organization/no-data,,,,FALSE,FALSE,FALSE,FALSE,FALSE,FALSE,FALSE,FALSE,FALSE,FALSE,FALSE,TRUE,FALSE,FALSE,FALSE,FALSE,FALSE,TRUE,FALSE,FALSE,TRUE,TRUE,FALSE,FALSE,TRUE,FALSE,FALSE,TRUE,FALSE,FALSE,FALSE,FALSE,TRUE,TRUE,TRUE,FALSE,FALSE,FALSE,FALSE,FALSE,FALSE,FALSE,FALSE
IBM,TRUE,Watson Assistant,proprietary,FALSE,FALSE,FALSE,FALSE,FALSE,FALSE,FALSE,FALSE,https://www.ibm.com/cloud/watson-assistant/,,ibm.svg,https://twitter.com/IBMcloud,https://www.crunchbase.com/organization/no-data,,,,FALSE,FALSE,FALSE,FALSE,FALSE,FALSE,FALSE,FALSE,FALSE,FALSE,FALSE,TRUE,FALSE,FALSE,FALSE,FALSE,FALSE,FALSE,FALSE,FALSE,FALSE,FALSE,FALSE,FALSE,FALSE,FALSE,FALSE,FALSE,FALSE,FALSE,FALSE,FALSE,FALSE,FALSE,FALSE,FALSE,FALSE,FALSE,FALSE,FALSE,FALSE,FALSE,FALSE
IBM,TRUE,Cognos Analytics,proprietary,FALSE,FALSE,FALSE,FALSE,FALSE,FALSE,FALSE,FALSE,https://www.ibm.com/products/cognos-analytics,,ibm.svg,https://twitter.com/IBMcloud,https://www.crunchbase.com/organization/no-data,,,,FALSE,FALSE,FALSE,FALSE,FALSE,FALSE,FALSE,FALSE,FALSE,FALSE,FALSE,FALSE,FALSE,TRUE,TRUE,FALSE,FALSE,FALSE,FALSE,FALSE,FALSE,FALSE,FALSE,FALSE,FALSE,FALSE,FALSE,FALSE,FALSE,FALSE,FALSE,FALSE,FALSE,FALSE,FALSE,FALSE,FALSE,FALSE,FALSE,FALSE,FALSE,FALSE,FALSE
IBM,TRUE,InfoSphere DataStage,proprietary,FALSE,FALSE,FALSE,FALSE,FALSE,FALSE,FALSE,FALSE,https://www.ibm.com/products/infosphere-datastage,,ibm.svg,https://twitter.com/IBMcloud,https://www.crunchbase.com/organization/no-data,,,,FALSE,FALSE,FALSE,FALSE,FALSE,FALSE,FALSE,FALSE,FALSE,FALSE,FALSE,FALSE,FALSE,FALSE,FALSE,FALSE,FALSE,TRUE,FALSE,FALSE,FALSE,FALSE,FALSE,FALSE,FALSE,FALSE,FALSE,FALSE,FALSE,FALSE,FALSE,FALSE,TRUE,FALSE,FALSE,FALSE,FALSE,FALSE,FALSE,FALSE,FALSE,FALSE,FALSE
IBM,TRUE,SPSS Modeler,proprietary,FALSE,FALSE,FALSE,FALSE,FALSE,FALSE,FALSE,FALSE,https://www.ibm.com/products/spss-modeler,,ibm.svg,https://twitter.com/IBMcloud,https://www.crunchbase.com/organization/no-data,,,,FALSE,FALSE,FALSE,FALSE,FALSE,FALSE,FALSE,FALSE,FALSE,FALSE,FALSE,FALSE,FALSE,FALSE,FALSE,FALSE,FALSE,TRUE,FALSE,FALSE,FALSE,FALSE,FALSE,FALSE,FALSE,FALSE,FALSE,FALSE,FALSE,FALSE,FALSE,FALSE,FALSE,FALSE,FALSE,FALSE,FALSE,FALSE,FALSE,FALSE,FALSE,FALSE,FALSE
IBM,TRUE,IBM Streams,proprietary,FALSE,FALSE,FALSE,FALSE,FALSE,FALSE,FALSE,FALSE,https://www.ibm.com/cloud/streaming-analytics,,ibm.svg,https://twitter.com/IBMcloud,https://www.crunchbase.com/organization/no-data,,,,FALSE,FALSE,FALSE,FALSE,FALSE,FALSE,FALSE,FALSE,FALSE,FALSE,FALSE,FALSE,FALSE,TRUE,FALSE,FALSE,FALSE,FALSE,FALSE,FALSE,TRUE,FALSE,FALSE,FALSE,FALSE,FALSE,FALSE,FALSE,FALSE,FALSE,FALSE,FALSE,FALSE,FALSE,FALSE,FALSE,FALSE,FALSE,FALSE,FALSE,FALSE,FALSE,FALSE
IBM,TRUE,IBM Data Virtualization,proprietary,FALSE,FALSE,FALSE,FALSE,FALSE,FALSE,FALSE,FALSE,https://www.ibm.com/analytics/data-virtualization,,ibm.svg,https://twitter.com/IBMcloud,https://www.crunchbase.com/organization/no-data,,,,FALSE,FALSE,FALSE,FALSE,FALSE,FALSE,FALSE,FALSE,FALSE,FALSE,FALSE,FALSE,FALSE,FALSE,FALSE,FALSE,FALSE,FALSE,FALSE,FALSE,FALSE,FALSE,FALSE,FALSE,TRUE,FALSE,FALSE,FALSE,FALSE,TRUE,FALSE,FALSE,FALSE,FALSE,FALSE,FALSE,FALSE,FALSE,FALSE,FALSE,FALSE,FALSE,FALSE
IBM,TRUE,IBM Db2 Warehouse,proprietary,FALSE,FALSE,FALSE,FALSE,FALSE,FALSE,FALSE,FALSE,https://www.ibm.com/products/db2-warehouse,,ibm.svg,https://twitter.com/IBMcloud,https://www.crunchbase.com/organization/no-data,,,,FALSE,FALSE,FALSE,FALSE,FALSE,FALSE,FALSE,FALSE,FALSE,FALSE,FALSE,FALSE,FALSE,FALSE,FALSE,FALSE,FALSE,FALSE,FALSE,FALSE,TRUE,FALSE,FALSE,FALSE,FALSE,FALSE,FALSE,TRUE,FALSE,FALSE,FALSE,FALSE,FALSE,FALSE,FALSE,FALSE,FALSE,FALSE,FALSE,FALSE,FALSE,FALSE,FALSE
IBM,TRUE,Watson Knowledge Catalog,proprietary,FALSE,FALSE,FALSE,FALSE,FALSE,FALSE,FALSE,FALSE,https://www.ibm.com/cloud/watson-knowledge-catalog,,ibm.svg,https://twitter.com/IBMcloud,https://www.crunchbase.com/organization/no-data,,,,FALSE,FALSE,FALSE,FALSE,FALSE,FALSE,FALSE,FALSE,FALSE,FALSE,FALSE,FALSE,FALSE,FALSE,FALSE,FALSE,FALSE,FALSE,FALSE,FALSE,FALSE,FALSE,FALSE,FALSE,FALSE,FALSE,FALSE,FALSE,FALSE,FALSE,FALSE,FALSE,TRUE,FALSE,FALSE,FALSE,FALSE,FALSE,FALSE,FALSE,FALSE,FALSE,FALSE
Microsoft,TRUE,SQL Server 2019 Big Data Cluster,partial,FALSE,FALSE,FALSE,TRUE,FALSE,TRUE,TRUE,FALSE,https://docs.microsoft.com/en-us/sql/big-data-cluster/big-data-cluster-overview?view=sql-server-ver15,,microsoft.svg,https://twitter.com/SQLServer,https://www.crunchbase.com/organization/no-data,"Apache Spark, HDFS","R, Python and Java extensions for SQL Server","Deploy scalable clusters of SQL Server, Spark, and HDFS containers running on Kubernetes.
Read, write, and process big data from Transact-SQL or Spark.
Easily combine and analyze high-value relational data with high-volume big data.
Query external data sources.
Store big data in HDFS managed by SQL Server.
Query data from multiple external data sources through the cluster.
Use the data for AI, machine learning, and other analysis tasks.
Deploy and run applications in Big Data Clusters.
Virtualize data with PolyBase. Query data from external SQL Server, Oracle, Teradata, MongoDB, and ODBC data sources with external tables.
Provide high availability for the SQL Server master instance and all databases by using Always On availability group technology.",FALSE,FALSE,FALSE,FALSE,FALSE,FALSE,FALSE,FALSE,TRUE,FALSE,FALSE,FALSE,FALSE,FALSE,FALSE,TRUE,FALSE,FALSE,FALSE,TRUE,TRUE,TRUE,FALSE,FALSE,TRUE,FALSE,TRUE,TRUE,FALSE,FALSE,FALSE,FALSE,FALSE,FALSE,FALSE,FALSE,FALSE,FALSE,FALSE,FALSE,FALSE,FALSE,FALSE
Anaconda,TRUE,Anaconda Enterprise,partial,FALSE,FALSE,TRUE,TRUE,FALSE,FALSE,FALSE,FALSE,https://www.anaconda.com/enterprise/,,anaconda.svg,https://twitter.com/anacondainc,https://www.crunchbase.com/organization/no-data,,,,FALSE,FALSE,FALSE,FALSE,FALSE,FALSE,FALSE,FALSE,TRUE,TRUE,FALSE,FALSE,FALSE,FALSE,FALSE,FALSE,FALSE,FALSE,FALSE,FALSE,FALSE,FALSE,FALSE,FALSE,FALSE,FALSE,FALSE,FALSE,FALSE,FALSE,FALSE,FALSE,FALSE,FALSE,FALSE,FALSE,FALSE,FALSE,FALSE,FALSE,FALSE,FALSE,FALSE
Anaconda,TRUE,Anaconda Team Edition,partial,FALSE,FALSE,TRUE,TRUE,TRUE,FALSE,FALSE,FALSE,https://www.anaconda.com/products/team,,anaconda.svg,https://twitter.com/anacondainc,https://www.crunchbase.com/organization/no-data,,,,FALSE,FALSE,FALSE,FALSE,FALSE,FALSE,FALSE,FALSE,TRUE,TRUE,FALSE,FALSE,FALSE,FALSE,FALSE,FALSE,FALSE,FALSE,FALSE,FALSE,FALSE,FALSE,FALSE,FALSE,FALSE,FALSE,FALSE,FALSE,FALSE,FALSE,FALSE,FALSE,FALSE,FALSE,FALSE,FALSE,FALSE,FALSE,FALSE,FALSE,FALSE,FALSE,FALSE
CognitiveScale,TRUE,Studio,proprietary,FALSE,FALSE,FALSE,FALSE,FALSE,FALSE,FALSE,FALSE,https://www.cognitivescale.com/,,cognitivescale.svg,https://twitter.com/cognitivescale,https://www.crunchbase.com/organization/no-data,,"Tensorflow, Theano, Dask",,FALSE,FALSE,FALSE,FALSE,FALSE,FALSE,FALSE,FALSE,FALSE,FALSE,TRUE,FALSE,FALSE,FALSE,FALSE,FALSE,FALSE,FALSE,FALSE,FALSE,FALSE,FALSE,FALSE,FALSE,FALSE,FALSE,FALSE,FALSE,FALSE,FALSE,FALSE,FALSE,FALSE,FALSE,FALSE,FALSE,FALSE,FALSE,FALSE,FALSE,FALSE,FALSE,FALSE
CognitiveScale,TRUE,Engage AI,proprietary,FALSE,FALSE,FALSE,FALSE,FALSE,FALSE,FALSE,FALSE,https://www.cognitivescale.com/engage-ai-accelerators/,,cognitivescale.svg,https://twitter.com/cognitivescale,https://www.crunchbase.com/organization/no-data,,,,FALSE,FALSE,FALSE,FALSE,FALSE,FALSE,FALSE,FALSE,FALSE,FALSE,FALSE,TRUE,FALSE,FALSE,FALSE,FALSE,FALSE,FALSE,FALSE,FALSE,FALSE,FALSE,FALSE,FALSE,FALSE,FALSE,FALSE,FALSE,FALSE,FALSE,FALSE,FALSE,FALSE,FALSE,FALSE,FALSE,FALSE,FALSE,FALSE,FALSE,FALSE,FALSE,FALSE
CognitiveScale,TRUE,Amplify AI,proprietary,FALSE,FALSE,FALSE,FALSE,FALSE,FALSE,FALSE,FALSE,https://www.cognitivescale.com/amplify-ai-accelerators/,,cognitivescale.svg,https://twitter.com/cognitivescale,https://www.crunchbase.com/organization/no-data,,,,FALSE,FALSE,FALSE,FALSE,FALSE,FALSE,FALSE,FALSE,FALSE,FALSE,FALSE,TRUE,FALSE,FALSE,FALSE,FALSE,FALSE,FALSE,FALSE,FALSE,FALSE,FALSE,FALSE,FALSE,FALSE,FALSE,FALSE,FALSE,FALSE,FALSE,FALSE,FALSE,FALSE,FALSE,FALSE,FALSE,FALSE,FALSE,FALSE,FALSE,FALSE,FALSE,FALSE
CognitiveScale,TRUE,Fabric,proprietary,FALSE,FALSE,TRUE,TRUE,TRUE,FALSE,FALSE,FALSE,https://www.cognitivescale.com/cortex/,,cognitivescale.svg,https://twitter.com/cognitivescale,https://www.crunchbase.com/organization/no-data,,,ML w Jupyter Notebook,FALSE,FALSE,FALSE,FALSE,FALSE,FALSE,FALSE,FALSE,FALSE,FALSE,FALSE,FALSE,FALSE,FALSE,FALSE,FALSE,FALSE,FALSE,FALSE,FALSE,FALSE,FALSE,FALSE,FALSE,TRUE,FALSE,FALSE,FALSE,FALSE,TRUE,TRUE,FALSE,FALSE,FALSE,FALSE,FALSE,FALSE,FALSE,FALSE,FALSE,FALSE,FALSE,FALSE
CognitiveScale,TRUE,Cortex Certifai,proprietary,FALSE,FALSE,TRUE,TRUE,FALSE,FALSE,FALSE,TRUE,https://www.cognitivescale.com/certifai/,,cognitivescale.svg,https://twitter.com/cognitivescale,https://www.crunchbase.com/organization/no-data,,,Data Security and Governance,FALSE,FALSE,FALSE,FALSE,FALSE,FALSE,FALSE,FALSE,FALSE,FALSE,FALSE,FALSE,FALSE,FALSE,FALSE,FALSE,FALSE,FALSE,FALSE,FALSE,FALSE,FALSE,FALSE,FALSE,FALSE,FALSE,FALSE,FALSE,FALSE,FALSE,FALSE,FALSE,FALSE,FALSE,FALSE,FALSE,TRUE,FALSE,TRUE,FALSE,FALSE,FALSE,FALSE
CognitiveScale,TRUE,X-RAI,proprietary,FALSE,FALSE,FALSE,FALSE,FALSE,FALSE,FALSE,FALSE,https://www.cognitivescale.com/cortex/,,cognitivescale.svg,https://twitter.com/cognitivescale,https://www.crunchbase.com/organization/no-data,,,,FALSE,FALSE,FALSE,FALSE,FALSE,FALSE,FALSE,FALSE,FALSE,FALSE,FALSE,FALSE,FALSE,FALSE,FALSE,FALSE,FALSE,FALSE,FALSE,FALSE,FALSE,FALSE,FALSE,FALSE,FALSE,FALSE,FALSE,FALSE,FALSE,FALSE,FALSE,FALSE,FALSE,FALSE,FALSE,FALSE,FALSE,TRUE,FALSE,FALSE,FALSE,TRUE,FALSE
Seldon,FALSE,Seldon core,full,TRUE,TRUE,TRUE,TRUE,FALSE,FALSE,TRUE,FALSE,https://www.seldon.io/tech/products/core/,https://github.com/SeldonIO/seldon-core,seldon-black.svg,https://twitter.com/seldon_io,https://www.crunchbase.com/organization/no-data,,,ML Model Serving,FALSE,FALSE,FALSE,FALSE,FALSE,FALSE,FALSE,FALSE,TRUE,FALSE,FALSE,FALSE,FALSE,FALSE,FALSE,FALSE,FALSE,FALSE,FALSE,FALSE,FALSE,FALSE,FALSE,FALSE,FALSE,FALSE,FALSE,FALSE,FALSE,FALSE,FALSE,FALSE,FALSE,FALSE,FALSE,FALSE,FALSE,FALSE,FALSE,FALSE,FALSE,FALSE,FALSE
H20.ai,TRUE,H2O,partial,FALSE,FALSE,TRUE,FALSE,FALSE,FALSE,FALSE,FALSE,https://www.h2o.ai/,,h2o.svg,https://twitter.com/h2oai,https://www.crunchbase.com/organization/no-data,,,,FALSE,FALSE,FALSE,FALSE,FALSE,FALSE,FALSE,TRUE,TRUE,FALSE,TRUE,FALSE,FALSE,FALSE,FALSE,FALSE,FALSE,TRUE,FALSE,TRUE,FALSE,FALSE,FALSE,FALSE,FALSE,FALSE,FALSE,FALSE,FALSE,FALSE,FALSE,FALSE,FALSE,FALSE,FALSE,FALSE,FALSE,FALSE,FALSE,FALSE,FALSE,FALSE,FALSE
H20.ai,TRUE,Driverless AI,partial,FALSE,TRUE,TRUE,TRUE,TRUE,FALSE,TRUE,FALSE,https://www.h2o.ai/products/h2o-driverless-ai/,,h2o.svg,https://twitter.com/h2oai,https://www.crunchbase.com/organization/no-data,,,"ML w Jupyter Notebook, ML Model Serving",FALSE,FALSE,FALSE,FALSE,FALSE,FALSE,FALSE,TRUE,TRUE,FALSE,TRUE,FALSE,FALSE,FALSE,TRUE,TRUE,FALSE,TRUE,FALSE,TRUE,FALSE,FALSE,FALSE,FALSE,FALSE,FALSE,FALSE,FALSE,FALSE,FALSE,FALSE,FALSE,FALSE,FALSE,FALSE,FALSE,FALSE,FALSE,FALSE,FALSE,FALSE,FALSE,FALSE
Qlik,FALSE,Qlik,partial,FALSE,FALSE,FALSE,FALSE,FALSE,FALSE,FALSE,FALSE,https://qlik.com/,,qlik.svg,https://twitter.com/qlik,https://www.crunchbase.com/organization/no-data,,,,FALSE,FALSE,FALSE,FALSE,FALSE,FALSE,FALSE,FALSE,FALSE,FALSE,FALSE,FALSE,FALSE,TRUE,TRUE,TRUE,FALSE,FALSE,FALSE,FALSE,FALSE,FALSE,FALSE,FALSE,FALSE,FALSE,FALSE,FALSE,FALSE,FALSE,FALSE,FALSE,FALSE,FALSE,FALSE,FALSE,FALSE,FALSE,FALSE,FALSE,FALSE,FALSE,FALSE
Starburst,FALSE,Presto,full,FALSE,TRUE,TRUE,TRUE,FALSE,TRUE,FALSE,FALSE,https://www.starburstdata.com/,https://github.com/starburstdata/presto,starburstdata.svg,https://twitter.com/starburstdata,https://www.crunchbase.com/organization/no-data,,,Data Acquisition and Preparation,FALSE,FALSE,FALSE,FALSE,FALSE,FALSE,FALSE,FALSE,FALSE,FALSE,FALSE,FALSE,FALSE,FALSE,FALSE,FALSE,FALSE,FALSE,FALSE,TRUE,FALSE,FALSE,FALSE,FALSE,FALSE,FALSE,FALSE,FALSE,FALSE,FALSE,FALSE,FALSE,FALSE,FALSE,FALSE,FALSE,FALSE,FALSE,FALSE,FALSE,FALSE,FALSE,FALSE
Cloudera,TRUE,Data Science Workbench,partial,FALSE,FALSE,FALSE,FALSE,FALSE,FALSE,FALSE,FALSE,https://www.cloudera.com/products/cloudera-data-platform.html,,cloudera.svg,https://twitter.com/cloudera,https://www.crunchbase.com/organization/no-data,Nifi,,,FALSE,FALSE,FALSE,FALSE,FALSE,FALSE,FALSE,FALSE,FALSE,FALSE,TRUE,FALSE,FALSE,FALSE,FALSE,FALSE,FALSE,TRUE,FALSE,FALSE,FALSE,FALSE,FALSE,FALSE,FALSE,FALSE,FALSE,FALSE,FALSE,FALSE,FALSE,FALSE,FALSE,FALSE,FALSE,FALSE,TRUE,FALSE,FALSE,FALSE,FALSE,FALSE,FALSE
Cloudera,TRUE,Hue,full,TRUE,FALSE,FALSE,FALSE,FALSE,FALSE,FALSE,FALSE,https://www.cloudera.com/documentation/enterprise/latest/topics/hue.html,,cloudera.svg,https://twitter.com/cloudera,https://www.crunchbase.com/organization/no-data,,,,FALSE,FALSE,FALSE,FALSE,FALSE,FALSE,FALSE,FALSE,FALSE,FALSE,FALSE,FALSE,FALSE,FALSE,TRUE,TRUE,FALSE,FALSE,FALSE,FALSE,FALSE,FALSE,FALSE,FALSE,FALSE,FALSE,FALSE,FALSE,FALSE,FALSE,FALSE,FALSE,FALSE,FALSE,FALSE,FALSE,FALSE,FALSE,FALSE,FALSE,FALSE,FALSE,FALSE
Cloudera,TRUE,DataFlow,partial,FALSE,TRUE,FALSE,TRUE,FALSE,FALSE,FALSE,FALSE,https://www.cloudera.com/products/cdf.html,,cloudera.svg,https://twitter.com/cloudera,https://www.crunchbase.com/organization/no-data,"Kafka, Kafka Streams, Nifi",,,FALSE,FALSE,FALSE,FALSE,FALSE,FALSE,FALSE,FALSE,FALSE,FALSE,FALSE,FALSE,FALSE,FALSE,FALSE,FALSE,TRUE,TRUE,FALSE,FALSE,TRUE,FALSE,FALSE,FALSE,FALSE,FALSE,FALSE,FALSE,FALSE,FALSE,FALSE,FALSE,FALSE,FALSE,FALSE,FALSE,FALSE,FALSE,FALSE,FALSE,FALSE,FALSE,FALSE
Cloudera,TRUE,CDP,partial,FALSE,FALSE,FALSE,FALSE,TRUE,TRUE,FALSE,TRUE,https://www.cloudera.com/products/cloudera-data-platform.html,,cloudera.svg,https://twitter.com/cloudera,https://www.crunchbase.com/organization/no-data,"Kafka, Kafka Streams",,"ML w Jupyter Notebook, Data Acquisition and Preparation
, Data Security and Governance",FALSE,FALSE,FALSE,FALSE,FALSE,FALSE,FALSE,FALSE,FALSE,FALSE,FALSE,FALSE,FALSE,FALSE,FALSE,FALSE,TRUE,FALSE,FALSE,FALSE,TRUE,TRUE,FALSE,FALSE,FALSE,FALSE,FALSE,FALSE,FALSE,FALSE,FALSE,FALSE,FALSE,FALSE,FALSE,FALSE,FALSE,FALSE,FALSE,FALSE,FALSE,FALSE,FALSE
Cloudera,TRUE,Shared Data Experience (SDX),partial,FALSE,FALSE,FALSE,FALSE,FALSE,FALSE,FALSE,FALSE,https://www.cloudera.com/products/sdx.html,,cloudera.svg,https://twitter.com/cloudera,https://www.crunchbase.com/organization/no-data,"Atlas, Ranger, Hive Metastore",,,FALSE,FALSE,FALSE,FALSE,FALSE,FALSE,FALSE,FALSE,FALSE,FALSE,FALSE,FALSE,FALSE,FALSE,FALSE,FALSE,FALSE,FALSE,FALSE,FALSE,FALSE,FALSE,FALSE,FALSE,FALSE,FALSE,FALSE,FALSE,TRUE,FALSE,TRUE,TRUE,TRUE,TRUE,FALSE,FALSE,FALSE,FALSE,FALSE,FALSE,FALSE,FALSE,FALSE
SAS,TRUE,SAS Viya,proprietary,FALSE,FALSE,FALSE,FALSE,TRUE,TRUE,TRUE,TRUE,https://www.sas.com/en_us/software/viya.html,,sas-viya.svg,https://twitter.com/SASsoftware,https://www.crunchbase.com/organization/no-data,,,"ML w Jupyter Notebook, Data Acquisition and Preparation, ML Model Serving
, Data Security and Governance",TRUE,TRUE,TRUE,FALSE,TRUE,FALSE,TRUE,FALSE,TRUE,FALSE,TRUE,FALSE,FALSE,TRUE,TRUE,TRUE,FALSE,TRUE,FALSE,TRUE,TRUE,TRUE,FALSE,TRUE,TRUE,FALSE,FALSE,FALSE,FALSE,TRUE,TRUE,TRUE,TRUE,FALSE,FALSE,FALSE,FALSE,FALSE,FALSE,FALSE,FALSE,FALSE,FALSE
SAS,TRUE,SAS CAS,proprietary,FALSE,FALSE,FALSE,FALSE,FALSE,FALSE,FALSE,FALSE,https://www.sas.com/en_us/software/viya.html,,sas-viya.svg,https://twitter.com/SASsoftware,https://www.crunchbase.com/organization/no-data,,,,FALSE,FALSE,FALSE,FALSE,FALSE,FALSE,FALSE,FALSE,FALSE,FALSE,FALSE,FALSE,FALSE,FALSE,FALSE,FALSE,FALSE,FALSE,FALSE,TRUE,FALSE,FALSE,FALSE,FALSE,FALSE,FALSE,FALSE,FALSE,FALSE,FALSE,FALSE,FALSE,FALSE,FALSE,FALSE,FALSE,FALSE,FALSE,FALSE,FALSE,FALSE,FALSE,FALSE
SAS,TRUE,SAS ESP,proprietary,FALSE,FALSE,FALSE,FALSE,FALSE,TRUE,TRUE,FALSE,https://www.sas.com/en_us/software/event-stream-processing.html,,sas.svg,https://twitter.com/SASsoftware,https://www.crunchbase.com/organization/no-data,,,"Edge, ML w Jupyter Notebook, ML Model Serving",FALSE,FALSE,FALSE,FALSE,FALSE,FALSE,FALSE,FALSE,FALSE,FALSE,FALSE,FALSE,FALSE,FALSE,FALSE,FALSE,FALSE,FALSE,FALSE,FALSE,TRUE,FALSE,FALSE,FALSE,FALSE,FALSE,FALSE,FALSE,FALSE,FALSE,FALSE,FALSE,FALSE,FALSE,FALSE,FALSE,FALSE,FALSE,FALSE,FALSE,FALSE,FALSE,FALSE
Tableau,FALSE,Tableau,proprietary,FALSE,FALSE,FALSE,FALSE,FALSE,FALSE,FALSE,FALSE,https://www.tableau.com/,,tableau.svg,https://twitter.com/tableau,https://www.crunchbase.com/organization/no-data,,,,FALSE,FALSE,FALSE,FALSE,FALSE,FALSE,FALSE,FALSE,FALSE,FALSE,FALSE,FALSE,FALSE,TRUE,TRUE,TRUE,FALSE,FALSE,FALSE,FALSE,FALSE,FALSE,FALSE,FALSE,FALSE,FALSE,FALSE,FALSE,FALSE,FALSE,FALSE,FALSE,FALSE,FALSE,FALSE,FALSE,FALSE,FALSE,FALSE,FALSE,FALSE,FALSE,FALSE
Sisense,TRUE,Sisense,proprietary,FALSE,FALSE,FALSE,FALSE,FALSE,FALSE,FALSE,FALSE,https://www.sisense.com,,sisense.svg,https://twitter.com/sisense,https://www.crunchbase.com/organization/no-data,,,,FALSE,FALSE,FALSE,FALSE,FALSE,FALSE,FALSE,FALSE,FALSE,FALSE,FALSE,TRUE,FALSE,TRUE,TRUE,FALSE,FALSE,FALSE,FALSE,TRUE,FALSE,TRUE,FALSE,FALSE,FALSE,FALSE,FALSE,TRUE,FALSE,TRUE,TRUE,FALSE,FALSE,FALSE,FALSE,FALSE,FALSE,FALSE,FALSE,FALSE,FALSE,FALSE,FALSE
Hitachi,TRUE,Vantara,partial,FALSE,FALSE,FALSE,FALSE,FALSE,FALSE,FALSE,FALSE,https://www.hitachivantara.com,,hitachi.svg,https://twitter.com/HitachiVantara,https://www.crunchbase.com/organization/no-data,,,,FALSE,FALSE,FALSE,FALSE,FALSE,FALSE,FALSE,FALSE,FALSE,FALSE,FALSE,FALSE,FALSE,FALSE,TRUE,TRUE,FALSE,TRUE,FALSE,FALSE,TRUE,TRUE,FALSE,FALSE,FALSE,FALSE,FALSE,FALSE,FALSE,FALSE,FALSE,FALSE,FALSE,FALSE,FALSE,FALSE,FALSE,FALSE,FALSE,FALSE,FALSE,FALSE,FALSE
Datameer,TRUE,Datameer,proprietary,FALSE,FALSE,FALSE,FALSE,FALSE,FALSE,FALSE,FALSE,https://www.datameer.com,,datameer.svg,https://twitter.com/datameer,https://www.crunchbase.com/organization/no-data,,,,FALSE,FALSE,FALSE,FALSE,FALSE,FALSE,FALSE,FALSE,FALSE,FALSE,FALSE,FALSE,FALSE,FALSE,FALSE,TRUE,FALSE,TRUE,FALSE,FALSE,FALSE,TRUE,FALSE,FALSE,FALSE,FALSE,FALSE,FALSE,TRUE,TRUE,TRUE,TRUE,TRUE,FALSE,FALSE,FALSE,FALSE,FALSE,FALSE,FALSE,FALSE,FALSE,FALSE
Perceptilabs,FALSE,Perceptilabs Modeling and Visualization Tool,proprietary,FALSE,TRUE,TRUE,TRUE,TRUE,FALSE,FALSE,FALSE,https://www.perceptilabs.com/,,perceptilabs.svg,https://twitter.com/perceptilabs,https://www.crunchbase.com/organization/no-data,,,ML w Jupyter Notebook,FALSE,FALSE,FALSE,FALSE,FALSE,FALSE,FALSE,TRUE,FALSE,FALSE,FALSE,TRUE,FALSE,FALSE,FALSE,FALSE,FALSE,TRUE,FALSE,FALSE,FALSE,FALSE,FALSE,FALSE,FALSE,FALSE,FALSE,FALSE,FALSE,FALSE,FALSE,FALSE,FALSE,FALSE,FALSE,FALSE,FALSE,FALSE,FALSE,FALSE,FALSE,FALSE,FALSE
Databricks,TRUE,MLFlow,partial,FALSE,FALSE,FALSE,FALSE,FALSE,FALSE,FALSE,FALSE,https://databricks.com/mlflow,https://github.com/mlflow/mlflow,databricks.svg,https://twitter.com/databricks,https://www.crunchbase.com/organization/no-data,,,,FALSE,FALSE,FALSE,FALSE,FALSE,FALSE,FALSE,TRUE,FALSE,FALSE,FALSE,FALSE,FALSE,FALSE,FALSE,FALSE,FALSE,FALSE,FALSE,FALSE,FALSE,FALSE,FALSE,FALSE,FALSE,FALSE,FALSE,FALSE,FALSE,FALSE,FALSE,FALSE,FALSE,FALSE,FALSE,FALSE,FALSE,FALSE,FALSE,FALSE,FALSE,FALSE,FALSE
Databricks,TRUE,Unified Analytics Platform,proprietary,FALSE,FALSE,FALSE,FALSE,FALSE,FALSE,FALSE,FALSE,https://databricks.com/product/unified-analytics-platform,,databricks.svg,https://twitter.com/databricks,https://www.crunchbase.com/organization/no-data,,,,FALSE,FALSE,FALSE,FALSE,FALSE,FALSE,FALSE,TRUE,FALSE,FALSE,TRUE,FALSE,FALSE,FALSE,FALSE,FALSE,FALSE,FALSE,FALSE,FALSE,FALSE,FALSE,FALSE,FALSE,FALSE,FALSE,FALSE,FALSE,FALSE,FALSE,FALSE,FALSE,FALSE,FALSE,FALSE,FALSE,FALSE,FALSE,FALSE,FALSE,FALSE,FALSE,FALSE
Databricks,TRUE,Databricks Unified Analytics Platform,proprietary,FALSE,FALSE,FALSE,FALSE,FALSE,FALSE,FALSE,FALSE,https://databricks.com/product/unified-analytics-platform,,databricks.svg,https://twitter.com/databricks,https://www.crunchbase.com/organization/no-data,Apache Spark,,,FALSE,FALSE,FALSE,FALSE,FALSE,FALSE,FALSE,FALSE,FALSE,FALSE,FALSE,FALSE,FALSE,FALSE,FALSE,FALSE,FALSE,TRUE,FALSE,TRUE,FALSE,FALSE,FALSE,FALSE,FALSE,FALSE,FALSE,FALSE,FALSE,FALSE,FALSE,FALSE,FALSE,FALSE,FALSE,FALSE,FALSE,FALSE,FALSE,FALSE,FALSE,FALSE,FALSE
Databricks,TRUE,Azure Spark Operator,proprietary,FALSE,FALSE,FALSE,FALSE,FALSE,FALSE,FALSE,FALSE,https://azure.microsoft.com/en-us/services/databricks/,,databricks.svg,https://twitter.com/databricks,https://www.crunchbase.com/organization/no-data,Apache Spark,,,FALSE,FALSE,FALSE,FALSE,FALSE,FALSE,FALSE,FALSE,FALSE,FALSE,FALSE,FALSE,FALSE,FALSE,FALSE,FALSE,FALSE,FALSE,FALSE,TRUE,FALSE,FALSE,FALSE,FALSE,FALSE,FALSE,FALSE,FALSE,FALSE,FALSE,FALSE,FALSE,FALSE,FALSE,FALSE,FALSE,FALSE,FALSE,FALSE,FALSE,FALSE,FALSE,FALSE
Domino Data Lab,TRUE,Domino Data Science Platform,proprietary,FALSE,FALSE,FALSE,FALSE,FALSE,FALSE,FALSE,FALSE,https://www.dominodatalab.com/,,domino.svg,https://twitter.com/dominodatalab,https://www.crunchbase.com/organization/no-data,,,,FALSE,FALSE,FALSE,FALSE,FALSE,FALSE,FALSE,TRUE,TRUE,FALSE,TRUE,FALSE,FALSE,FALSE,FALSE,FALSE,FALSE,FALSE,FALSE,FALSE,FALSE,FALSE,FALSE,FALSE,FALSE,FALSE,FALSE,FALSE,FALSE,FALSE,FALSE,FALSE,FALSE,FALSE,FALSE,FALSE,FALSE,FALSE,FALSE,FALSE,FALSE,FALSE,FALSE
Confluent,FALSE,Apache Kafka,full,TRUE,FALSE,FALSE,FALSE,FALSE,FALSE,FALSE,FALSE,https://www.confluent.io/,https://github.com/confluentinc/kafka,confluent.svg,https://twitter.com/ConfluentInc,https://www.crunchbase.com/organization/no-data,,,,FALSE,FALSE,FALSE,FALSE,FALSE,FALSE,FALSE,FALSE,FALSE,FALSE,FALSE,FALSE,FALSE,FALSE,FALSE,FALSE,TRUE,FALSE,FALSE,FALSE,FALSE,FALSE,FALSE,FALSE,FALSE,FALSE,FALSE,FALSE,FALSE,FALSE,FALSE,FALSE,FALSE,FALSE,FALSE,FALSE,FALSE,FALSE,FALSE,FALSE,FALSE,FALSE,FALSE
Confluent,FALSE,Kafka Connect,full,TRUE,FALSE,FALSE,FALSE,FALSE,FALSE,FALSE,FALSE,https://docs.confluent.io/current/connect/index.html,,confluent.svg,https://twitter.com/ConfluentInc,https://www.crunchbase.com/organization/no-data,,,,FALSE,FALSE,FALSE,FALSE,FALSE,FALSE,FALSE,FALSE,FALSE,FALSE,FALSE,FALSE,FALSE,FALSE,FALSE,FALSE,FALSE,FALSE,FALSE,FALSE,TRUE,FALSE,FALSE,FALSE,FALSE,FALSE,FALSE,FALSE,FALSE,FALSE,FALSE,FALSE,FALSE,FALSE,FALSE,FALSE,FALSE,FALSE,FALSE,FALSE,FALSE,FALSE,FALSE
Confluent,FALSE,KSQL,full,TRUE,FALSE,FALSE,FALSE,FALSE,FALSE,FALSE,FALSE,https://www.confluent.io/product/ksql/,https://github.com/confluentinc/ksql,confluent.svg,https://twitter.com/ConfluentInc,https://www.crunchbase.com/organization/no-data,,,,FALSE,FALSE,FALSE,FALSE,FALSE,FALSE,FALSE,FALSE,FALSE,FALSE,FALSE,FALSE,FALSE,FALSE,FALSE,FALSE,FALSE,FALSE,FALSE,FALSE,TRUE,FALSE,FALSE,FALSE,FALSE,FALSE,FALSE,FALSE,FALSE,FALSE,FALSE,FALSE,FALSE,FALSE,FALSE,FALSE,FALSE,FALSE,FALSE,FALSE,FALSE,FALSE,FALSE
UBix Labs,FALSE,UBIX,partial,FALSE,FALSE,TRUE,TRUE,FALSE,TRUE,FALSE,FALSE,https://ubixlabs.com/,,ubix.svg,,https://www.crunchbase.com/organization/no-data,,,Data Acquisition and Preparation,FALSE,FALSE,FALSE,FALSE,FALSE,FALSE,FALSE,FALSE,FALSE,TRUE,TRUE,FALSE,FALSE,FALSE,FALSE,FALSE,FALSE,FALSE,FALSE,FALSE,TRUE,TRUE,FALSE,FALSE,FALSE,FALSE,FALSE,FALSE,FALSE,FALSE,FALSE,FALSE,FALSE,FALSE,FALSE,FALSE,FALSE,FALSE,FALSE,FALSE,FALSE,FALSE,FALSE
Couchbase,FALSE,Couchbase Server,full,FALSE,FALSE,TRUE,TRUE,FALSE,FALSE,FALSE,FALSE,https://www.couchbase.com/products/server,https://github.com/couchbase/manifest,couchbase.svg,https://twitter.com/couchbase,https://www.crunchbase.com/organization/no-data,,,,FALSE,FALSE,FALSE,FALSE,FALSE,FALSE,FALSE,FALSE,FALSE,FALSE,FALSE,FALSE,FALSE,FALSE,FALSE,FALSE,FALSE,FALSE,FALSE,FALSE,FALSE,FALSE,FALSE,FALSE,FALSE,TRUE,FALSE,FALSE,FALSE,FALSE,FALSE,FALSE,FALSE,FALSE,FALSE,FALSE,FALSE,FALSE,FALSE,FALSE,FALSE,FALSE,FALSE
Crunchy Data,FALSE,Crunchy Certified PostgreSQL with Crunchy PostgreSQL for Kubernetes,full,FALSE,FALSE,TRUE,TRUE,FALSE,FALSE,FALSE,FALSE,https://www.crunchydata.com/products/crunchy-postgresql-for-kubernetes/,,crunchydata.svg,https://twitter.com/crunchydata,https://www.crunchbase.com/organization/no-data,,,,FALSE,FALSE,FALSE,FALSE,FALSE,FALSE,FALSE,FALSE,FALSE,FALSE,FALSE,FALSE,FALSE,FALSE,FALSE,FALSE,FALSE,FALSE,FALSE,FALSE,FALSE,FALSE,FALSE,FALSE,FALSE,FALSE,TRUE,FALSE,FALSE,FALSE,FALSE,FALSE,FALSE,FALSE,FALSE,FALSE,FALSE,FALSE,FALSE,FALSE,FALSE,FALSE,FALSE
MongoDB,FALSE,MongoDB,full,FALSE,TRUE,TRUE,TRUE,FALSE,FALSE,FALSE,FALSE,https://www.mongodb.com/,https://github.com/mongodb/mongo,mongodb.svg,https://twitter.com/mongodb,https://www.crunchbase.com/organization/no-data,,,,FALSE,FALSE,FALSE,FALSE,FALSE,FALSE,FALSE,FALSE,FALSE,FALSE,FALSE,FALSE,FALSE,FALSE,FALSE,FALSE,FALSE,FALSE,FALSE,FALSE,FALSE,FALSE,FALSE,FALSE,FALSE,TRUE,FALSE,FALSE,FALSE,FALSE,FALSE,FALSE,FALSE,FALSE,FALSE,FALSE,FALSE,FALSE,FALSE,FALSE,FALSE,FALSE,FALSE
Redis Labs,FALSE,Redis,full,FALSE,TRUE,TRUE,TRUE,FALSE,FALSE,FALSE,FALSE,https://redis.io/,https://github.com/antirez/redis,redis.svg,https://twitter.com/redislabs,https://www.crunchbase.com/organization/no-data,,,,FALSE,FALSE,FALSE,FALSE,FALSE,FALSE,FALSE,FALSE,FALSE,FALSE,FALSE,FALSE,FALSE,FALSE,FALSE,FALSE,FALSE,FALSE,FALSE,FALSE,FALSE,FALSE,FALSE,TRUE,FALSE,FALSE,FALSE,FALSE,FALSE,FALSE,FALSE,FALSE,FALSE,FALSE,FALSE,FALSE,FALSE,FALSE,FALSE,FALSE,FALSE,FALSE,FALSE
Portworx,FALSE,PX-Enterprise,proprietary,FALSE,TRUE,FALSE,FALSE,FALSE,FALSE,FALSE,FALSE,https://portworx.com,,portworx.svg,https://twitter.com/portwx,https://www.crunchbase.com/organization/no-data,,,,FALSE,FALSE,FALSE,FALSE,FALSE,FALSE,FALSE,FALSE,FALSE,FALSE,FALSE,FALSE,FALSE,FALSE,FALSE,FALSE,FALSE,FALSE,FALSE,FALSE,FALSE,FALSE,TRUE,FALSE,FALSE,FALSE,FALSE,FALSE,FALSE,FALSE,FALSE,FALSE,FALSE,FALSE,FALSE,FALSE,FALSE,FALSE,FALSE,FALSE,FALSE,FALSE,FALSE
ProphetStor,FALSE,Federator.AI,proprietary,FALSE,TRUE,TRUE,TRUE,FALSE,FALSE,FALSE,FALSE,https://www.prophetstor.com/federator-ai/,,prophetstor.svg,https://twitter.com/ProphetStor,https://www.crunchbase.com/organization/no-data,,,,FALSE,FALSE,FALSE,FALSE,FALSE,FALSE,FALSE,FALSE,FALSE,FALSE,FALSE,FALSE,FALSE,FALSE,FALSE,FALSE,FALSE,FALSE,FALSE,FALSE,FALSE,FALSE,FALSE,FALSE,FALSE,FALSE,FALSE,FALSE,FALSE,FALSE,FALSE,FALSE,FALSE,FALSE,FALSE,FALSE,FALSE,FALSE,TRUE,FALSE,FALSE,FALSE,FALSE
Lightbend,TRUE,Lightbend Akka,full,FALSE,FALSE,TRUE,TRUE,FALSE,FALSE,FALSE,TRUE,https://www.lightbend.com/,,lightbend.svg,https://twitter.com/lightbend,https://www.crunchbase.com/organization/no-data,"Kafka, Kafka Streams, Flink, Spark",,Data Security and Governance,FALSE,FALSE,FALSE,FALSE,FALSE,FALSE,FALSE,FALSE,FALSE,FALSE,FALSE,FALSE,FALSE,FALSE,FALSE,FALSE,TRUE,FALSE,FALSE,TRUE,TRUE,TRUE,FALSE,FALSE,FALSE,FALSE,FALSE,FALSE,FALSE,FALSE,FALSE,TRUE,FALSE,FALSE,FALSE,FALSE,TRUE,FALSE,FALSE,FALSE,FALSE,FALSE,FALSE
Riverbed,FALSE,Riverbed,partial,FALSE,FALSE,FALSE,FALSE,FALSE,FALSE,FALSE,FALSE,https://www.riverbed.com,,riverbed.svg,https://twitter.com/RIVERBED,https://www.crunchbase.com/organization/no-data,,,,FALSE,FALSE,FALSE,FALSE,FALSE,FALSE,FALSE,FALSE,FALSE,FALSE,FALSE,FALSE,FALSE,FALSE,FALSE,FALSE,FALSE,FALSE,FALSE,FALSE,FALSE,FALSE,FALSE,FALSE,FALSE,FALSE,FALSE,FALSE,FALSE,FALSE,FALSE,FALSE,FALSE,FALSE,FALSE,FALSE,FALSE,FALSE,TRUE,FALSE,FALSE,FALSE,FALSE
Swiss Data Science Center,FALSE,RENKU,full,FALSE,TRUE,FALSE,FALSE,FALSE,FALSE,FALSE,FALSE,https://datascience.ch/renku/,https://github.com/SwissDataScienceCenter/renku,sdsc.svg,https://twitter.com/SDSCdatascience,https://www.crunchbase.com/organization/no-data,JupyterLab,,,FALSE,FALSE,FALSE,FALSE,FALSE,FALSE,FALSE,FALSE,FALSE,TRUE,TRUE,FALSE,FALSE,FALSE,FALSE,FALSE,FALSE,FALSE,FALSE,FALSE,FALSE,FALSE,FALSE,FALSE,FALSE,FALSE,FALSE,FALSE,FALSE,FALSE,FALSE,FALSE,FALSE,FALSE,FALSE,FALSE,FALSE,FALSE,FALSE,FALSE,FALSE,FALSE,FALSE
SuperMicro,FALSE,x,,FALSE,FALSE,FALSE,FALSE,FALSE,FALSE,FALSE,FALSE,https://www.supermicro.com,,supermicro.svg,https://twitter.com/Supermicro_SMCI,https://www.crunchbase.com/organization/no-data,,,,FALSE,FALSE,FALSE,FALSE,FALSE,FALSE,FALSE,FALSE,FALSE,FALSE,FALSE,FALSE,FALSE,FALSE,FALSE,FALSE,FALSE,FALSE,FALSE,FALSE,FALSE,FALSE,FALSE,FALSE,FALSE,FALSE,FALSE,FALSE,FALSE,FALSE,FALSE,FALSE,FALSE,FALSE,FALSE,FALSE,FALSE,FALSE,FALSE,FALSE,FALSE,FALSE,TRUE
Penguin,FALSE,x,,FALSE,FALSE,FALSE,FALSE,FALSE,FALSE,FALSE,FALSE,https://www.penguincomputing.com/,,penguin.svg,https://twitter.com/PenguinHPC,https://www.crunchbase.com/organization/no-data,,,,FALSE,FALSE,FALSE,FALSE,FALSE,FALSE,FALSE,FALSE,FALSE,FALSE,FALSE,FALSE,FALSE,FALSE,FALSE,FALSE,FALSE,FALSE,FALSE,FALSE,FALSE,FALSE,FALSE,FALSE,FALSE,FALSE,FALSE,FALSE,FALSE,FALSE,FALSE,FALSE,FALSE,FALSE,FALSE,FALSE,FALSE,FALSE,FALSE,FALSE,FALSE,FALSE,TRUE
Two Sigma,FALSE,BeakerX,full,TRUE,FALSE,FALSE,FALSE,FALSE,FALSE,FALSE,FALSE,http://beakerx.com/,https://github.com/twosigma/beakerx,beakerx.svg,https://twitter.com/BeakerXNotebook,https://www.crunchbase.com/organization/no-data,,,,FALSE,FALSE,FALSE,FALSE,FALSE,FALSE,FALSE,FALSE,FALSE,FALSE,FALSE,FALSE,TRUE,FALSE,FALSE,FALSE,FALSE,FALSE,FALSE,FALSE,FALSE,FALSE,FALSE,FALSE,FALSE,FALSE,FALSE,FALSE,FALSE,FALSE,FALSE,FALSE,FALSE,FALSE,FALSE,FALSE,FALSE,FALSE,FALSE,FALSE,FALSE,FALSE,FALSE
Styra,FALSE,Styra,partial,FALSE,FALSE,FALSE,FALSE,FALSE,FALSE,FALSE,FALSE,https://www.styra.com/,,styra.svg,https://twitter.com/styrainc,https://www.crunchbase.com/organization/no-data,Open Policy Agent,,,FALSE,FALSE,FALSE,FALSE,FALSE,FALSE,FALSE,FALSE,FALSE,FALSE,FALSE,FALSE,FALSE,FALSE,FALSE,FALSE,FALSE,FALSE,FALSE,FALSE,FALSE,FALSE,FALSE,FALSE,FALSE,FALSE,FALSE,FALSE,FALSE,FALSE,TRUE,FALSE,FALSE,FALSE,FALSE,FALSE,FALSE,FALSE,FALSE,FALSE,FALSE,FALSE,FALSE
Elastic.co,FALSE,Kibana,full,FALSE,FALSE,FALSE,FALSE,FALSE,FALSE,FALSE,FALSE,https://www.elastic.co/products/kibana,https://github.com/elastic/kibana,elastic.svg,https://twitter.com/elastic,https://www.crunchbase.com/organization/no-data,,,,FALSE,FALSE,FALSE,FALSE,FALSE,FALSE,FALSE,FALSE,FALSE,FALSE,FALSE,FALSE,FALSE,FALSE,TRUE,TRUE,FALSE,FALSE,FALSE,FALSE,FALSE,FALSE,FALSE,FALSE,FALSE,FALSE,FALSE,FALSE,FALSE,FALSE,FALSE,FALSE,FALSE,FALSE,FALSE,FALSE,FALSE,FALSE,FALSE,FALSE,FALSE,FALSE,FALSE
Elastic.co,FALSE,Beats,full,FALSE,FALSE,FALSE,FALSE,FALSE,FALSE,FALSE,FALSE,https://www.elastic.co/products/beats,https://github.com/elastic/beats,elastic.svg,https://twitter.com/elastic,https://www.crunchbase.com/organization/no-data,,,,FALSE,FALSE,FALSE,FALSE,FALSE,FALSE,FALSE,FALSE,FALSE,FALSE,FALSE,FALSE,FALSE,FALSE,FALSE,FALSE,TRUE,FALSE,FALSE,FALSE,FALSE,FALSE,FALSE,FALSE,FALSE,FALSE,FALSE,FALSE,FALSE,FALSE,FALSE,FALSE,FALSE,FALSE,FALSE,FALSE,FALSE,FALSE,FALSE,FALSE,FALSE,FALSE,FALSE
Elastic.co,FALSE,Elasticsearch,full,FALSE,FALSE,FALSE,FALSE,FALSE,FALSE,FALSE,FALSE,https://www.elastic.co/products/elasticsearch,https://github.com/elastic/elasticsearch,elastic.svg,https://twitter.com/elastic,https://www.crunchbase.com/organization/no-data,,,,FALSE,FALSE,FALSE,FALSE,FALSE,FALSE,FALSE,FALSE,FALSE,FALSE,FALSE,FALSE,FALSE,FALSE,FALSE,FALSE,FALSE,FALSE,FALSE,TRUE,FALSE,FALSE,FALSE,FALSE,FALSE,FALSE,FALSE,FALSE,FALSE,FALSE,FALSE,FALSE,FALSE,FALSE,FALSE,FALSE,FALSE,FALSE,FALSE,FALSE,FALSE,FALSE,FALSE
Elastic.co,FALSE,Logstash,full,FALSE,FALSE,FALSE,FALSE,FALSE,FALSE,FALSE,FALSE,https://www.elastic.co/products/logstash,https://github.com/elastic/logstash,elastic.svg,https://twitter.com/elastic,https://www.crunchbase.com/organization/no-data,,,,FALSE,FALSE,FALSE,FALSE,FALSE,FALSE,FALSE,FALSE,FALSE,FALSE,FALSE,FALSE,FALSE,FALSE,FALSE,FALSE,FALSE,FALSE,FALSE,FALSE,FALSE,TRUE,FALSE,FALSE,FALSE,FALSE,FALSE,FALSE,FALSE,FALSE,FALSE,FALSE,FALSE,FALSE,FALSE,FALSE,FALSE,FALSE,FALSE,FALSE,FALSE,FALSE,FALSE
KNIME,TRUE,KNIME Analytics Platform,full,FALSE,FALSE,FALSE,FALSE,FALSE,FALSE,FALSE,FALSE,https://www.knime.com,,knime.svg,https://twitter.com/knime,https://www.crunchbase.com/organization/no-data,,,,FALSE,FALSE,FALSE,FALSE,FALSE,FALSE,FALSE,TRUE,FALSE,FALSE,FALSE,FALSE,FALSE,FALSE,TRUE,FALSE,FALSE,TRUE,FALSE,FALSE,FALSE,TRUE,FALSE,FALSE,FALSE,FALSE,FALSE,FALSE,FALSE,FALSE,FALSE,FALSE,FALSE,FALSE,FALSE,FALSE,FALSE,FALSE,FALSE,FALSE,FALSE,FALSE,FALSE
KNIME,TRUE,KNIME Server,full,FALSE,FALSE,FALSE,FALSE,FALSE,FALSE,FALSE,FALSE,https://www.knime.com,https://github.com/knime/knime-core,knime.svg,https://twitter.com/knime,https://www.crunchbase.com/organization/no-data,,,,FALSE,FALSE,FALSE,FALSE,FALSE,FALSE,FALSE,FALSE,FALSE,FALSE,FALSE,FALSE,FALSE,FALSE,FALSE,FALSE,FALSE,TRUE,FALSE,FALSE,FALSE,FALSE,FALSE,FALSE,FALSE,FALSE,FALSE,FALSE,FALSE,TRUE,TRUE,FALSE,FALSE,FALSE,FALSE,FALSE,FALSE,FALSE,FALSE,FALSE,FALSE,FALSE,FALSE
Skymind,TRUE,Skymind,partial,FALSE,FALSE,FALSE,FALSE,FALSE,FALSE,FALSE,FALSE,https://skymind.ai/,https://github.com/eclipse/deeplearning4j,skymind.svg,https://twitter.com/skymindio,https://www.crunchbase.com/organization/no-data,,,,FALSE,FALSE,FALSE,FALSE,FALSE,FALSE,FALSE,TRUE,TRUE,FALSE,FALSE,FALSE,FALSE,FALSE,FALSE,TRUE,FALSE,TRUE,FALSE,FALSE,FALSE,FALSE,FALSE,FALSE,FALSE,FALSE,FALSE,FALSE,FALSE,FALSE,FALSE,FALSE,FALSE,FALSE,FALSE,FALSE,FALSE,FALSE,FALSE,FALSE,FALSE,FALSE,FALSE
Microstrategy,TRUE,MicroStrategy,proprietary,FALSE,FALSE,FALSE,FALSE,FALSE,FALSE,FALSE,FALSE,https://www.microstrategy.com,,microstrategy.svg,https://twitter.com/microstrategy,https://www.crunchbase.com/organization/no-data,,,,FALSE,FALSE,FALSE,FALSE,FALSE,FALSE,FALSE,FALSE,FALSE,FALSE,FALSE,FALSE,FALSE,TRUE,TRUE,FALSE,FALSE,FALSE,FALSE,FALSE,FALSE,FALSE,FALSE,FALSE,FALSE,FALSE,FALSE,FALSE,FALSE,FALSE,FALSE,FALSE,FALSE,FALSE,FALSE,FALSE,FALSE,FALSE,FALSE,FALSE,FALSE,FALSE,FALSE
DataRobot,FALSE,DataRobot,proprietary,FALSE,FALSE,FALSE,FALSE,FALSE,FALSE,FALSE,FALSE,https://www.datarobot.com/,,datarobot.svg,https://twitter.com/DataRobot,https://www.crunchbase.com/organization/no-data,,,,FALSE,FALSE,FALSE,FALSE,FALSE,FALSE,FALSE,TRUE,TRUE,FALSE,FALSE,TRUE,FALSE,FALSE,FALSE,FALSE,FALSE,TRUE,FALSE,FALSE,FALSE,FALSE,FALSE,FALSE,FALSE,FALSE,FALSE,FALSE,FALSE,FALSE,FALSE,FALSE,FALSE,FALSE,FALSE,FALSE,FALSE,FALSE,FALSE,FALSE,FALSE,FALSE,FALSE
Alluxio,FALSE,Alluxio,proprietary,FALSE,FALSE,FALSE,FALSE,FALSE,FALSE,FALSE,FALSE,https://www.alluxio.io/,,alluxio.svg,https://twitter.com/alluxio,https://www.crunchbase.com/organization/no-data,,,,FALSE,FALSE,FALSE,FALSE,FALSE,FALSE,FALSE,FALSE,FALSE,FALSE,FALSE,FALSE,FALSE,FALSE,FALSE,FALSE,FALSE,FALSE,TRUE,FALSE,FALSE,FALSE,FALSE,FALSE,FALSE,FALSE,FALSE,FALSE,FALSE,FALSE,FALSE,FALSE,FALSE,FALSE,FALSE,FALSE,FALSE,FALSE,FALSE,FALSE,FALSE,FALSE,FALSE
Feedzai,TRUE,Feedzai Agile Machine Learning,partial,FALSE,FALSE,FALSE,FALSE,FALSE,FALSE,FALSE,FALSE,https://feedzai.com/,,feedzai.svg,https://twitter.com/feedzai,https://www.crunchbase.com/organization/no-data,Apache Spark,,,FALSE,FALSE,FALSE,FALSE,FALSE,FALSE,FALSE,FALSE,FALSE,FALSE,TRUE,FALSE,FALSE,FALSE,TRUE,TRUE,FALSE,FALSE,FALSE,TRUE,TRUE,TRUE,FALSE,FALSE,FALSE,FALSE,FALSE,FALSE,FALSE,FALSE,FALSE,FALSE,FALSE,FALSE,FALSE,FALSE,FALSE,FALSE,FALSE,FALSE,FALSE,FALSE,FALSE
Paperspace,TRUE,Gradient,,FALSE,FALSE,FALSE,FALSE,FALSE,FALSE,FALSE,FALSE,https://gradient.paperspace.com/,https://github.com/Paperspace/gradient-utils,paperspace.svg,https://twitter.com/hellopaperspace,https://www.crunchbase.com/organization/no-data,"Hyperopt, Jupyter Notebooks",,,FALSE,FALSE,FALSE,FALSE,FALSE,FALSE,FALSE,TRUE,TRUE,FALSE,TRUE,FALSE,FALSE,FALSE,FALSE,FALSE,FALSE,FALSE,FALSE,FALSE,FALSE,FALSE,FALSE,FALSE,FALSE,FALSE,FALSE,FALSE,FALSE,FALSE,FALSE,FALSE,FALSE,FALSE,FALSE,FALSE,FALSE,FALSE,FALSE,FALSE,FALSE,FALSE,FALSE
Moogsoft,FALSE,Moogsoft,,FALSE,FALSE,FALSE,FALSE,FALSE,FALSE,FALSE,FALSE,https://www.moogsoft.com/,,moogsoft.svg,https://twitter.com/moogsoft,https://www.crunchbase.com/organization/no-data,,,,FALSE,FALSE,FALSE,FALSE,FALSE,FALSE,FALSE,FALSE,FALSE,FALSE,FALSE,FALSE,FALSE,FALSE,FALSE,FALSE,FALSE,FALSE,FALSE,FALSE,FALSE,FALSE,FALSE,FALSE,FALSE,FALSE,FALSE,FALSE,FALSE,FALSE,FALSE,FALSE,FALSE,FALSE,FALSE,FALSE,FALSE,FALSE,TRUE,FALSE,FALSE,FALSE,FALSE
Pachyderm,FALSE,Pachyderm Enterprise,proprietary,FALSE,FALSE,FALSE,FALSE,FALSE,FALSE,FALSE,FALSE,https://www.pachyderm.io/enterprise.html,,pachyderm.svg,https://twitter.com/pachyderminc,https://www.crunchbase.com/organization/no-data,,,,FALSE,FALSE,FALSE,FALSE,FALSE,FALSE,FALSE,FALSE,FALSE,FALSE,FALSE,FALSE,FALSE,FALSE,FALSE,TRUE,FALSE,FALSE,FALSE,FALSE,FALSE,FALSE,FALSE,FALSE,FALSE,FALSE,FALSE,FALSE,TRUE,TRUE,TRUE,FALSE,TRUE,FALSE,TRUE,FALSE,FALSE,FALSE,FALSE,FALSE,FALSE,FALSE,FALSE
Pachyderm,FALSE,Pachyderm Open Source,full,FALSE,FALSE,FALSE,FALSE,FALSE,FALSE,FALSE,FALSE,https://www.pachyderm.io/open_source.html,https://github.com/pachyderm/pachyderm,pachyderm.svg,https://twitter.com/pachyderminc,https://www.crunchbase.com/organization/no-data,,,,FALSE,FALSE,FALSE,FALSE,FALSE,FALSE,FALSE,FALSE,FALSE,FALSE,FALSE,FALSE,FALSE,FALSE,FALSE,FALSE,FALSE,FALSE,FALSE,FALSE,FALSE,FALSE,FALSE,FALSE,FALSE,FALSE,FALSE,FALSE,TRUE,FALSE,FALSE,FALSE,TRUE,FALSE,TRUE,FALSE,FALSE,FALSE,FALSE,FALSE,FALSE,FALSE,FALSE
Arrikto,FALSE,Rok,,FALSE,FALSE,FALSE,FALSE,FALSE,FALSE,FALSE,FALSE,https://www.arrikto.com/,,arrikto.svg,https://twitter.com/arrikto,https://www.crunchbase.com/organization/no-data,,,,FALSE,FALSE,FALSE,FALSE,FALSE,FALSE,FALSE,FALSE,FALSE,FALSE,FALSE,FALSE,FALSE,FALSE,FALSE,FALSE,FALSE,FALSE,FALSE,FALSE,FALSE,FALSE,FALSE,FALSE,FALSE,FALSE,FALSE,FALSE,FALSE,FALSE,FALSE,FALSE,FALSE,FALSE,TRUE,FALSE,FALSE,FALSE,FALSE,FALSE,FALSE,FALSE,FALSE
Tamr,FALSE,Tamr,,FALSE,FALSE,FALSE,FALSE,FALSE,FALSE,FALSE,FALSE,https://www.tamr.com/,,tamr.svg,,https://www.crunchbase.com/organization/no-data,,,,FALSE,FALSE,FALSE,FALSE,FALSE,FALSE,FALSE,FALSE,FALSE,FALSE,FALSE,FALSE,FALSE,FALSE,FALSE,FALSE,FALSE,FALSE,FALSE,FALSE,FALSE,TRUE,FALSE,FALSE,TRUE,FALSE,FALSE,FALSE,FALSE,FALSE,FALSE,TRUE,TRUE,TRUE,FALSE,FALSE,FALSE,FALSE,FALSE,FALSE,FALSE,FALSE,FALSE
Immuta,FALSE,Immuta,,FALSE,FALSE,FALSE,FALSE,FALSE,FALSE,FALSE,FALSE,https://www.immuta.com/,,immuta.svg,,https://www.crunchbase.com/organization/no-data,,,,FALSE,FALSE,FALSE,FALSE,FALSE,FALSE,FALSE,FALSE,FALSE,FALSE,FALSE,FALSE,FALSE,FALSE,FALSE,FALSE,FALSE,FALSE,FALSE,FALSE,FALSE,FALSE,FALSE,FALSE,FALSE,FALSE,FALSE,FALSE,FALSE,TRUE,TRUE,TRUE,TRUE,TRUE,FALSE,FALSE,FALSE,FALSE,FALSE,FALSE,FALSE,FALSE,FALSE
One Convergence,FALSE,DKube,,FALSE,FALSE,FALSE,FALSE,FALSE,FALSE,FALSE,FALSE,https://www.oneconvergence.com/dkube/,,one-convergence.svg,https://twitter.com/oneconvergence,https://www.crunchbase.com/organization/no-data,"Kubeflow-Kaitib, Kubeflow Pipelines",,,FALSE,FALSE,FALSE,FALSE,FALSE,FALSE,FALSE,TRUE,FALSE,FALSE,FALSE,FALSE,FALSE,FALSE,TRUE,FALSE,FALSE,TRUE,FALSE,FALSE,FALSE,FALSE,FALSE,FALSE,FALSE,FALSE,FALSE,FALSE,FALSE,TRUE,TRUE,FALSE,FALSE,FALSE,FALSE,FALSE,FALSE,FALSE,FALSE,FALSE,FALSE,FALSE,FALSE
DGraph,FALSE,DGraph,,FALSE,FALSE,FALSE,FALSE,FALSE,FALSE,FALSE,FALSE,https://dgraph.io/,,dgraph.svg,,https://www.crunchbase.com/organization/no-data,,,,FALSE,FALSE,FALSE,FALSE,FALSE,FALSE,FALSE,FALSE,FALSE,FALSE,FALSE,FALSE,FALSE,FALSE,FALSE,FALSE,FALSE,FALSE,FALSE,FALSE,FALSE,FALSE,FALSE,FALSE,FALSE,TRUE,FALSE,FALSE,FALSE,FALSE,FALSE,FALSE,FALSE,FALSE,FALSE,FALSE,FALSE,FALSE,FALSE,FALSE,FALSE,FALSE,FALSE
DBS-H,FALSE,CR8,,FALSE,FALSE,FALSE,FALSE,FALSE,FALSE,FALSE,FALSE,https://www.dbs-h.com/,,dbsh.svg,,https://www.crunchbase.com/organization/no-data,,,,FALSE,FALSE,FALSE,FALSE,FALSE,FALSE,FALSE,FALSE,FALSE,FALSE,FALSE,FALSE,FALSE,FALSE,FALSE,FALSE,FALSE,FALSE,FALSE,FALSE,TRUE,FALSE,FALSE,FALSE,FALSE,FALSE,FALSE,FALSE,FALSE,FALSE,FALSE,FALSE,FALSE,FALSE,FALSE,FALSE,FALSE,FALSE,FALSE,FALSE,FALSE,FALSE,FALSE
LucidWorks,FALSE,Fusion AI,,FALSE,FALSE,FALSE,FALSE,FALSE,FALSE,FALSE,FALSE,https://doc.lucidworks.com/fusion-ai/latest/index.html,,lucidworks.svg,,https://www.crunchbase.com/organization/no-data,,,,FALSE,FALSE,FALSE,FALSE,FALSE,FALSE,FALSE,FALSE,FALSE,FALSE,FALSE,TRUE,FALSE,FALSE,FALSE,FALSE,FALSE,FALSE,FALSE,TRUE,FALSE,FALSE,FALSE,FALSE,FALSE,FALSE,FALSE,FALSE,FALSE,FALSE,FALSE,FALSE,FALSE,FALSE,FALSE,FALSE,FALSE,FALSE,FALSE,FALSE,FALSE,FALSE,FALSE
UIPath,FALSE,RPA Platform,,FALSE,FALSE,FALSE,FALSE,FALSE,FALSE,FALSE,FALSE,https://www.uipath.com/product/platform,,uipath.svg,,https://www.crunchbase.com/organization/no-data,,,,FALSE,FALSE,FALSE,FALSE,FALSE,FALSE,FALSE,FALSE,TRUE,FALSE,FALSE,TRUE,FALSE,FALSE,FALSE,FALSE,FALSE,TRUE,FALSE,FALSE,FALSE,FALSE,FALSE,FALSE,FALSE,FALSE,FALSE,FALSE,FALSE,FALSE,FALSE,FALSE,FALSE,FALSE,FALSE,FALSE,FALSE,FALSE,FALSE,FALSE,FALSE,FALSE,FALSE
RapidMiner,TRUE,RapidMiner,,FALSE,FALSE,FALSE,FALSE,FALSE,FALSE,FALSE,FALSE,https://rapidminer.com/,,rapidminer.svg,https://twitter.com/rapidminer,https://www.crunchbase.com/organization/no-data,,,,FALSE,FALSE,FALSE,FALSE,FALSE,FALSE,FALSE,FALSE,TRUE,TRUE,TRUE,FALSE,FALSE,FALSE,FALSE,TRUE,FALSE,TRUE,FALSE,FALSE,FALSE,FALSE,FALSE,FALSE,FALSE,FALSE,FALSE,FALSE,FALSE,FALSE,FALSE,FALSE,FALSE,FALSE,FALSE,FALSE,FALSE,FALSE,FALSE,FALSE,FALSE,FALSE,FALSE
Pipeline.ai,TRUE,Pipeline.ai,,FALSE,FALSE,FALSE,FALSE,FALSE,FALSE,FALSE,FALSE,https://pipeline.ai/,https://github.com/PipelineAI/pipeline,pipelineai.svg,https://twitter.com/PipelineAI,https://www.crunchbase.com/organization/no-data,"Kubeflow-Kaitib, MLFlow, Kubeflow-Tensorflow Serving, Kubeflow-PyTorch Serving, Kubeflow-NVIDIA TensorRT Inference Server, Kubeflow-TensorFlow Batch Predict, Kubeflow-Seldon, Seldon-core, Kubeflow-Jupyter Notebooks, Kubeflow-TensorFlow Training (TF Job), Kubeflow Pipelines",,,FALSE,FALSE,FALSE,FALSE,FALSE,FALSE,FALSE,TRUE,TRUE,FALSE,TRUE,FALSE,FALSE,FALSE,FALSE,FALSE,FALSE,TRUE,FALSE,FALSE,FALSE,FALSE,FALSE,FALSE,FALSE,FALSE,FALSE,FALSE,FALSE,FALSE,FALSE,FALSE,FALSE,FALSE,FALSE,FALSE,FALSE,FALSE,FALSE,FALSE,FALSE,FALSE,FALSE
R-Brain,TRUE,R-Brain,partial,FALSE,FALSE,FALSE,FALSE,FALSE,FALSE,FALSE,FALSE,https://r-brain.io/,,r-brain.svg,https://twitter.com/rbraininc,https://www.crunchbase.com/organization/no-data,"JupyterLab, Apache Zeppelin",,,FALSE,FALSE,FALSE,FALSE,FALSE,FALSE,FALSE,FALSE,TRUE,FALSE,TRUE,FALSE,FALSE,FALSE,FALSE,FALSE,FALSE,FALSE,FALSE,FALSE,FALSE,FALSE,FALSE,FALSE,FALSE,FALSE,FALSE,FALSE,FALSE,FALSE,FALSE,FALSE,FALSE,FALSE,FALSE,FALSE,FALSE,FALSE,FALSE,FALSE,FALSE,FALSE,FALSE
Iguazio,TRUE,Iguazio Data Science Platform,,FALSE,FALSE,FALSE,FALSE,FALSE,FALSE,FALSE,FALSE,https://www.iguazio.com/,,iguazio.svg,https://twitter.com/iguazio,https://www.crunchbase.com/organization/no-data,"Kubeflow-Kaitib, Kubeflow-Tensorflow Serving, Kubeflow-PyTorch Serving, Kubeflow-NVIDIA TensorRT Inference Server, Kubeflow-TensorFlow Batch Predict, Kubeflow-Seldon, Kubeflow-TensorFlow Training (TF Job), Kubeflow Pipelines",,,FALSE,FALSE,FALSE,FALSE,FALSE,FALSE,FALSE,TRUE,TRUE,FALSE,TRUE,FALSE,FALSE,FALSE,FALSE,FALSE,FALSE,TRUE,FALSE,FALSE,FALSE,FALSE,FALSE,FALSE,FALSE,FALSE,FALSE,FALSE,FALSE,FALSE,FALSE,FALSE,FALSE,FALSE,FALSE,FALSE,FALSE,FALSE,FALSE,FALSE,FALSE,FALSE,FALSE
Agile Stacks,TRUE,Agile Stacks,full,FALSE,FALSE,FALSE,FALSE,FALSE,FALSE,FALSE,FALSE,https://www.agilestacks.com/,,agile-stacks.svg,https://twitter.com/agilestacks,https://www.crunchbase.com/organization/no-data,"Kubeflow-Kaitib, Kubeflow-Tensorflow Serving, Kubeflow-PyTorch Serving, Kubeflow-NVIDIA TensorRT Inference Server, Kubeflow-TensorFlow Batch Predict, Kubeflow-Seldon, Seldon-core, Tensorflow Serving, Kubeflow-Jupyter Notebooks, JupyterHub, Argo, Prometheus, Grafana",,,FALSE,FALSE,FALSE,FALSE,FALSE,FALSE,FALSE,FALSE,TRUE,FALSE,TRUE,FALSE,FALSE,FALSE,FALSE,FALSE,FALSE,TRUE,FALSE,FALSE,FALSE,FALSE,FALSE,FALSE,FALSE,FALSE,FALSE,FALSE,FALSE,FALSE,FALSE,FALSE,FALSE,FALSE,FALSE,FALSE,TRUE,TRUE,FALSE,FALSE,FALSE,FALSE,FALSE
Cluster One,FALSE,Cluster One Enterprise,partial,FALSE,FALSE,FALSE,FALSE,FALSE,FALSE,FALSE,FALSE,https://clusterone.com/enterprise,,clusterone.svg,https://twitter.com/clusterone_,https://www.crunchbase.com/organization/no-data,Jupyter Notebooks,,,FALSE,FALSE,FALSE,FALSE,FALSE,FALSE,FALSE,TRUE,TRUE,FALSE,TRUE,FALSE,FALSE,FALSE,FALSE,FALSE,FALSE,FALSE,FALSE,FALSE,FALSE,FALSE,FALSE,FALSE,FALSE,FALSE,FALSE,FALSE,FALSE,FALSE,FALSE,FALSE,FALSE,FALSE,FALSE,FALSE,FALSE,FALSE,FALSE,FALSE,FALSE,FALSE,FALSE
C3.ai,TRUE,C3 AI Suite,proprietary,FALSE,FALSE,FALSE,FALSE,FALSE,FALSE,FALSE,FALSE,https://c3.ai/c3-ai-suite/,,c3-ai.svg,https://twitter.com/C3_AI,https://www.crunchbase.com/organization/no-data,"Jupyter Notebooks, Apache Spark",,,FALSE,FALSE,FALSE,FALSE,FALSE,FALSE,FALSE,TRUE,TRUE,TRUE,TRUE,FALSE,FALSE,TRUE,FALSE,TRUE,FALSE,TRUE,FALSE,TRUE,FALSE,FALSE,FALSE,FALSE,FALSE,FALSE,FALSE,FALSE,FALSE,TRUE,TRUE,TRUE,TRUE,FALSE,FALSE,FALSE,FALSE,FALSE,FALSE,FALSE,FALSE,FALSE,FALSE
C3.ai,TRUE,C3 Ex Machina,proprietary,FALSE,FALSE,FALSE,FALSE,FALSE,FALSE,FALSE,FALSE,https://c3.ai/products/ex-machina/,,c3-ai.svg,https://twitter.com/C3_AI,https://www.crunchbase.com/organization/no-data,,,,FALSE,FALSE,FALSE,FALSE,FALSE,FALSE,FALSE,FALSE,FALSE,FALSE,FALSE,FALSE,FALSE,TRUE,FALSE,TRUE,FALSE,FALSE,FALSE,FALSE,FALSE,FALSE,FALSE,FALSE,FALSE,FALSE,FALSE,FALSE,FALSE,FALSE,FALSE,FALSE,FALSE,FALSE,FALSE,FALSE,FALSE,FALSE,FALSE,FALSE,FALSE,FALSE,FALSE
OmniSci,FALSE,OmniSci Immerse,proprietary,FALSE,FALSE,FALSE,FALSE,FALSE,FALSE,FALSE,FALSE,https://www.omnisci.com/platform/immerse,,omnisci.svg,https://twitter.com/OmniSci,https://www.crunchbase.com/organization/no-data,,,,FALSE,FALSE,FALSE,FALSE,FALSE,FALSE,FALSE,FALSE,FALSE,FALSE,FALSE,FALSE,FALSE,FALSE,TRUE,FALSE,FALSE,FALSE,FALSE,FALSE,FALSE,FALSE,FALSE,FALSE,FALSE,FALSE,FALSE,FALSE,FALSE,FALSE,FALSE,FALSE,FALSE,FALSE,FALSE,FALSE,FALSE,FALSE,FALSE,FALSE,FALSE,FALSE,FALSE
OmniSci,FALSE,OmniSciDB,proprietary,FALSE,FALSE,FALSE,FALSE,FALSE,FALSE,FALSE,FALSE,https://www.omnisci.com/platform/omniscidb,,omnisci.svg,https://twitter.com/OmniSci,https://www.crunchbase.com/organization/no-data,,,,FALSE,FALSE,FALSE,FALSE,FALSE,FALSE,FALSE,FALSE,FALSE,FALSE,FALSE,FALSE,FALSE,FALSE,FALSE,FALSE,FALSE,FALSE,FALSE,FALSE,FALSE,FALSE,FALSE,FALSE,FALSE,FALSE,FALSE,TRUE,FALSE,FALSE,FALSE,FALSE,FALSE,FALSE,FALSE,FALSE,FALSE,FALSE,FALSE,FALSE,FALSE,FALSE,FALSE
XCalar,FALSE,Xcalar Data Platform,proprietary,FALSE,FALSE,FALSE,FALSE,FALSE,FALSE,FALSE,FALSE,https://xcalar.com/products/data-platform/,,xcalar.svg,https://twitter.com/xcalarinc,https://www.crunchbase.com/organization/no-data,,,,FALSE,FALSE,FALSE,FALSE,FALSE,FALSE,FALSE,FALSE,FALSE,FALSE,FALSE,FALSE,FALSE,FALSE,FALSE,FALSE,FALSE,TRUE,FALSE,FALSE,FALSE,TRUE,FALSE,FALSE,FALSE,FALSE,FALSE,FALSE,FALSE,FALSE,FALSE,FALSE,FALSE,FALSE,FALSE,FALSE,FALSE,FALSE,FALSE,FALSE,FALSE,FALSE,FALSE
SAP,TRUE,SAP Hana,proprietary,FALSE,FALSE,FALSE,FALSE,FALSE,FALSE,FALSE,FALSE,https://www.sap.com/products/hana.html,,sap.svg,https://twitter.com/sap,https://www.crunchbase.com/organization/no-data,,,,FALSE,FALSE,FALSE,FALSE,FALSE,FALSE,FALSE,FALSE,TRUE,FALSE,TRUE,FALSE,FALSE,TRUE,TRUE,TRUE,FALSE,TRUE,FALSE,FALSE,TRUE,TRUE,FALSE,TRUE,TRUE,FALSE,FALSE,FALSE,FALSE,TRUE,TRUE,FALSE,FALSE,FALSE,FALSE,FALSE,FALSE,FALSE,FALSE,FALSE,FALSE,FALSE,FALSE
Dremio,FALSE,Dremio,proprietary,FALSE,FALSE,FALSE,FALSE,FALSE,FALSE,FALSE,FALSE,https://www.dremio.com/,,dremio.svg,https://twitter.com/dremio,https://www.crunchbase.com/organization/no-data,,,,FALSE,FALSE,FALSE,FALSE,FALSE,FALSE,FALSE,FALSE,FALSE,FALSE,FALSE,FALSE,FALSE,FALSE,FALSE,FALSE,FALSE,FALSE,FALSE,TRUE,FALSE,FALSE,FALSE,FALSE,FALSE,FALSE,FALSE,FALSE,FALSE,FALSE,FALSE,FALSE,FALSE,FALSE,FALSE,FALSE,FALSE,FALSE,FALSE,FALSE,FALSE,FALSE,FALSE
Weka.io,FALSE,WekaIO,proprietary,FALSE,FALSE,FALSE,FALSE,FALSE,FALSE,FALSE,FALSE,https://www.weka.io/,,weka-io.svg,https://twitter.com/wekaio,https://www.crunchbase.com/organization/no-data,,,,FALSE,FALSE,FALSE,FALSE,FALSE,FALSE,FALSE,FALSE,FALSE,FALSE,FALSE,FALSE,FALSE,FALSE,FALSE,FALSE,FALSE,FALSE,FALSE,FALSE,FALSE,FALSE,FALSE,FALSE,FALSE,FALSE,FALSE,FALSE,FALSE,FALSE,FALSE,FALSE,FALSE,FALSE,FALSE,FALSE,FALSE,FALSE,FALSE,FALSE,FALSE,TRUE,FALSE
Determined AI,FALSE,Determined AI,proprietary,FALSE,FALSE,FALSE,FALSE,FALSE,FALSE,FALSE,FALSE,https://determined.ai/,,determined-ai.svg,https://twitter.com/DeterminedAI,https://www.crunchbase.com/organization/no-data,,,,FALSE,FALSE,FALSE,FALSE,FALSE,FALSE,FALSE,TRUE,TRUE,FALSE,FALSE,FALSE,FALSE,FALSE,FALSE,FALSE,FALSE,FALSE,FALSE,FALSE,FALSE,FALSE,FALSE,FALSE,FALSE,FALSE,FALSE,FALSE,FALSE,FALSE,FALSE,FALSE,FALSE,FALSE,FALSE,FALSE,FALSE,FALSE,FALSE,FALSE,FALSE,FALSE,FALSE
Data.world,FALSE,Data.world,partial,FALSE,FALSE,FALSE,FALSE,FALSE,FALSE,FALSE,FALSE,https://data.world/,,data-world.svg,https://twitter.com/datadotworld,https://www.crunchbase.com/organization/no-data,,,,FALSE,FALSE,FALSE,FALSE,FALSE,FALSE,FALSE,FALSE,FALSE,FALSE,FALSE,FALSE,FALSE,FALSE,TRUE,FALSE,FALSE,FALSE,FALSE,FALSE,FALSE,FALSE,FALSE,FALSE,TRUE,FALSE,FALSE,FALSE,FALSE,FALSE,FALSE,FALSE,TRUE,FALSE,FALSE,FALSE,FALSE,FALSE,FALSE,FALSE,FALSE,FALSE,FALSE
Pure Storage,FALSE,FlashBlade,proprietary,FALSE,FALSE,FALSE,FALSE,FALSE,FALSE,FALSE,FALSE,https://www.purestorage.com/products/flashblade.html,,pure-storage.svg,https://twitter.com/PureStorage,https://www.crunchbase.com/organization/no-data,,,,FALSE,FALSE,FALSE,FALSE,FALSE,FALSE,FALSE,FALSE,FALSE,FALSE,FALSE,FALSE,FALSE,FALSE,FALSE,FALSE,FALSE,FALSE,FALSE,FALSE,FALSE,FALSE,TRUE,FALSE,FALSE,FALSE,FALSE,FALSE,FALSE,FALSE,FALSE,FALSE,FALSE,FALSE,FALSE,FALSE,FALSE,FALSE,FALSE,FALSE,FALSE,FALSE,FALSE
Pure Storage,FALSE,Pure Storage,proprietary,FALSE,FALSE,FALSE,FALSE,FALSE,FALSE,FALSE,FALSE,https://www.purestorage.com/,,pure-storage.svg,https://twitter.com/PureStorage,https://www.crunchbase.com/organization/no-data,,,,FALSE,FALSE,FALSE,FALSE,FALSE,FALSE,FALSE,FALSE,FALSE,FALSE,FALSE,FALSE,FALSE,FALSE,FALSE,FALSE,FALSE,FALSE,FALSE,FALSE,FALSE,FALSE,FALSE,FALSE,FALSE,FALSE,FALSE,FALSE,FALSE,FALSE,FALSE,FALSE,FALSE,FALSE,FALSE,FALSE,FALSE,FALSE,FALSE,FALSE,FALSE,FALSE,TRUE
Thoughtspot,FALSE,Thoughtspot,partial,FALSE,FALSE,FALSE,FALSE,FALSE,FALSE,FALSE,FALSE,https://www.thoughtspot.com/,,thoughtspot.svg,https://twitter.com/thoughtspot,https://www.crunchbase.com/organization/no-data,,,,FALSE,FALSE,FALSE,FALSE,FALSE,FALSE,FALSE,FALSE,FALSE,FALSE,FALSE,FALSE,FALSE,TRUE,FALSE,FALSE,FALSE,FALSE,FALSE,TRUE,FALSE,FALSE,FALSE,FALSE,FALSE,FALSE,FALSE,FALSE,TRUE,TRUE,TRUE,FALSE,FALSE,FALSE,FALSE,FALSE,FALSE,FALSE,FALSE,FALSE,FALSE,FALSE,FALSE
Verta.ai,FALSE,Verta.ai,proprietary,FALSE,FALSE,FALSE,FALSE,FALSE,FALSE,FALSE,FALSE,https://www.verta.ai/,,verta-ai.svg,https://twitter.com/VertaAI,https://www.crunchbase.com/organization/no-data,,,,FALSE,FALSE,FALSE,FALSE,FALSE,FALSE,FALSE,FALSE,TRUE,TRUE,FALSE,FALSE,FALSE,FALSE,FALSE,FALSE,FALSE,FALSE,FALSE,FALSE,FALSE,FALSE,FALSE,FALSE,FALSE,FALSE,FALSE,FALSE,FALSE,FALSE,FALSE,FALSE,FALSE,FALSE,FALSE,FALSE,FALSE,FALSE,FALSE,FALSE,FALSE,FALSE,FALSE
Splunk,FALSE,Splunk,partial,FALSE,FALSE,FALSE,FALSE,FALSE,FALSE,FALSE,FALSE,https://www.splunk.com/,,splunk.svg,https://twitter.com/splunk,https://www.crunchbase.com/organization/no-data,,,,FALSE,FALSE,FALSE,FALSE,FALSE,FALSE,FALSE,FALSE,FALSE,FALSE,FALSE,FALSE,FALSE,FALSE,FALSE,FALSE,FALSE,FALSE,FALSE,FALSE,FALSE,FALSE,FALSE,FALSE,FALSE,FALSE,FALSE,FALSE,FALSE,FALSE,FALSE,FALSE,FALSE,FALSE,FALSE,FALSE,TRUE,FALSE,FALSE,FALSE,FALSE,FALSE,FALSE
Labs.ai,FALSE,EDDI,full,FALSE,FALSE,TRUE,FALSE,FALSE,FALSE,FALSE,FALSE,https://eddi.labs.ai/,https://github.com/labsai/EDDI,labs-ai.svg,https://twitter.com/eddi_labs,https://www.crunchbase.com/organization/no-data,,,,FALSE,FALSE,FALSE,FALSE,FALSE,FALSE,FALSE,FALSE,FALSE,FALSE,FALSE,TRUE,FALSE,FALSE,FALSE,FALSE,FALSE,FALSE,FALSE,FALSE,FALSE,FALSE,FALSE,FALSE,FALSE,FALSE,FALSE,FALSE,FALSE,FALSE,FALSE,FALSE,FALSE,FALSE,FALSE,FALSE,FALSE,FALSE,FALSE,FALSE,FALSE,FALSE,FALSE
Dataiku,FALSE,Dataiku DSS,proprietary,FALSE,FALSE,FALSE,FALSE,FALSE,FALSE,FALSE,FALSE,https://www.dataiku.com/dss/,,dataiku.svg,https://twitter.com/dataiku,https://www.crunchbase.com/organization/no-data,"Spark, Jupyter",,,FALSE,FALSE,FALSE,FALSE,FALSE,FALSE,FALSE,TRUE,TRUE,FALSE,TRUE,FALSE,FALSE,FALSE,TRUE,FALSE,FALSE,TRUE,FALSE,TRUE,FALSE,TRUE,FALSE,FALSE,FALSE,FALSE,FALSE,FALSE,FALSE,FALSE,FALSE,FALSE,FALSE,FALSE,FALSE,FALSE,FALSE,FALSE,FALSE,FALSE,FALSE,FALSE,FALSE
BCG,TRUE,Source.ai,proprietary,FALSE,FALSE,FALSE,FALSE,FALSE,FALSE,FALSE,FALSE,https://source.ai/,,source-ai.svg,https://twitter.com/BCG,https://www.crunchbase.com/organization/no-data,,,,FALSE,FALSE,FALSE,FALSE,FALSE,FALSE,FALSE,FALSE,FALSE,FALSE,TRUE,FALSE,FALSE,FALSE,TRUE,FALSE,FALSE,FALSE,FALSE,FALSE,FALSE,FALSE,FALSE,FALSE,FALSE,FALSE,FALSE,FALSE,TRUE,TRUE,FALSE,TRUE,TRUE,FALSE,TRUE,FALSE,FALSE,FALSE,FALSE,FALSE,FALSE,FALSE,FALSE
Minio,FALSE,Minio,proprietary,FALSE,TRUE,FALSE,FALSE,FALSE,FALSE,FALSE,FALSE,https://min.io/,,minio.svg,https://twitter.com/Minio,https://www.crunchbase.com/organization/no-data,,,,FALSE,FALSE,FALSE,FALSE,FALSE,FALSE,FALSE,FALSE,FALSE,FALSE,FALSE,FALSE,FALSE,FALSE,FALSE,FALSE,FALSE,FALSE,FALSE,FALSE,FALSE,FALSE,FALSE,TRUE,FALSE,FALSE,FALSE,FALSE,FALSE,FALSE,FALSE,FALSE,FALSE,FALSE,FALSE,FALSE,FALSE,FALSE,FALSE,FALSE,FALSE,FALSE,FALSE
cnvrg.io,FALSE,cnvrg.io,proprietary,FALSE,FALSE,TRUE,TRUE,TRUE,FALSE,TRUE,FALSE,https://cnvrg.io/,,cnvrg.svg,https://twitter.com/cnvrg_io,https://www.crunchbase.com/organization/no-data,,,"ML w Jupyter Notebook, ML Model Serving",FALSE,FALSE,FALSE,FALSE,FALSE,FALSE,FALSE,TRUE,TRUE,FALSE,FALSE,FALSE,FALSE,FALSE,TRUE,FALSE,FALSE,TRUE,FALSE,FALSE,FALSE,FALSE,FALSE,FALSE,FALSE,FALSE,FALSE,FALSE,FALSE,FALSE,FALSE,FALSE,FALSE,FALSE,TRUE,FALSE,FALSE,FALSE,FALSE,FALSE,FALSE,FALSE,FALSE
Alteryx,TRUE,Alteryx Promote,proprietary,FALSE,FALSE,FALSE,FALSE,FALSE,FALSE,FALSE,FALSE,https://www.alteryx.com/products/alteryx-platform/alteryx-promote,,alteryx.svg,https://twitter.com/alteryx,https://www.crunchbase.com/organization/no-data,,,,FALSE,FALSE,FALSE,FALSE,FALSE,FALSE,FALSE,FALSE,TRUE,FALSE,FALSE,FALSE,FALSE,FALSE,FALSE,FALSE,FALSE,FALSE,FALSE,FALSE,FALSE,FALSE,FALSE,FALSE,FALSE,FALSE,FALSE,FALSE,FALSE,FALSE,FALSE,FALSE,FALSE,FALSE,FALSE,FALSE,FALSE,FALSE,FALSE,FALSE,FALSE,FALSE,FALSE
Alteryx,TRUE,Alteryx Designer,proprietary,FALSE,FALSE,FALSE,FALSE,FALSE,FALSE,FALSE,FALSE,https://www.alteryx.com/products/alteryx-platform/alteryx-designer,,alteryx.svg,https://twitter.com/alteryx,https://www.crunchbase.com/organization/no-data,,,,FALSE,FALSE,FALSE,FALSE,FALSE,FALSE,FALSE,FALSE,FALSE,FALSE,FALSE,FALSE,FALSE,FALSE,FALSE,FALSE,FALSE,TRUE,FALSE,FALSE,FALSE,FALSE,FALSE,FALSE,FALSE,FALSE,FALSE,FALSE,FALSE,FALSE,FALSE,FALSE,FALSE,FALSE,FALSE,FALSE,FALSE,FALSE,FALSE,FALSE,FALSE,FALSE,FALSE
Alteryx,TRUE,Alteryx Server,proprietary,FALSE,FALSE,FALSE,FALSE,FALSE,FALSE,FALSE,FALSE,https://www.alteryx.com/products/alteryx-platform/alteryx-server,,alteryx.svg,https://twitter.com/alteryx,https://www.crunchbase.com/organization/no-data,,,,FALSE,FALSE,FALSE,FALSE,FALSE,FALSE,FALSE,FALSE,FALSE,FALSE,FALSE,FALSE,FALSE,FALSE,FALSE,FALSE,FALSE,TRUE,FALSE,FALSE,FALSE,FALSE,FALSE,FALSE,FALSE,FALSE,FALSE,FALSE,FALSE,FALSE,FALSE,FALSE,FALSE,FALSE,FALSE,FALSE,FALSE,FALSE,FALSE,FALSE,FALSE,FALSE,FALSE
Alteryx,TRUE,Alteryx Connect,proprietary,FALSE,FALSE,FALSE,FALSE,FALSE,FALSE,FALSE,FALSE,https://www.alteryx.com/products/alteryx-platform/alteryx-connect,,alteryx.svg,https://twitter.com/alteryx,https://www.crunchbase.com/organization/no-data,,,,FALSE,FALSE,FALSE,FALSE,FALSE,FALSE,FALSE,FALSE,FALSE,FALSE,FALSE,FALSE,FALSE,FALSE,FALSE,FALSE,FALSE,FALSE,FALSE,FALSE,FALSE,FALSE,FALSE,FALSE,FALSE,FALSE,FALSE,FALSE,FALSE,FALSE,FALSE,FALSE,TRUE,FALSE,FALSE,FALSE,FALSE,FALSE,FALSE,FALSE,FALSE,FALSE,FALSE
Zepl,FALSE,Zepl,full,FALSE,FALSE,FALSE,FALSE,FALSE,FALSE,FALSE,FALSE,https://www.zepl.com/,,zepl.svg,https://twitter.com/zeplco,https://www.crunchbase.com/organization/no-data,Apache Zeppelin,,,FALSE,FALSE,FALSE,FALSE,FALSE,FALSE,FALSE,FALSE,FALSE,FALSE,TRUE,FALSE,FALSE,FALSE,TRUE,FALSE,FALSE,FALSE,FALSE,FALSE,FALSE,FALSE,FALSE,FALSE,FALSE,FALSE,FALSE,FALSE,FALSE,FALSE,FALSE,FALSE,FALSE,FALSE,FALSE,FALSE,FALSE,FALSE,FALSE,FALSE,FALSE,FALSE,FALSE
TIBCO,TRUE,Data Science,proprietary,FALSE,FALSE,FALSE,FALSE,FALSE,FALSE,FALSE,FALSE,https://www.tibco.com/products/data-science,,tibco.svg,https://twitter.com/tibco,https://www.crunchbase.com/organization/no-data,,,,FALSE,FALSE,FALSE,FALSE,FALSE,FALSE,FALSE,FALSE,TRUE,FALSE,FALSE,FALSE,FALSE,FALSE,FALSE,FALSE,FALSE,TRUE,FALSE,FALSE,FALSE,FALSE,FALSE,FALSE,FALSE,FALSE,FALSE,FALSE,FALSE,FALSE,TRUE,FALSE,FALSE,FALSE,FALSE,FALSE,FALSE,FALSE,FALSE,FALSE,FALSE,FALSE,FALSE
TIBCO,TRUE,Streaming,proprietary,FALSE,FALSE,FALSE,FALSE,FALSE,FALSE,FALSE,FALSE,https://www.tibco.com/products/data-science-streaming,,tibco.svg,https://twitter.com/tibco,https://www.crunchbase.com/organization/no-data,,,,FALSE,FALSE,FALSE,FALSE,FALSE,FALSE,FALSE,FALSE,FALSE,FALSE,TRUE,FALSE,FALSE,FALSE,FALSE,FALSE,FALSE,FALSE,FALSE,FALSE,TRUE,FALSE,FALSE,FALSE,FALSE,FALSE,FALSE,FALSE,FALSE,FALSE,FALSE,FALSE,FALSE,FALSE,FALSE,FALSE,FALSE,FALSE,FALSE,FALSE,FALSE,FALSE,FALSE
TIBCO,TRUE,Spotfire,proprietary,FALSE,FALSE,FALSE,FALSE,FALSE,FALSE,FALSE,FALSE,https://www.tibco.com/products/tibco-spotfire,,tibco.svg,https://twitter.com/tibco,https://www.crunchbase.com/organization/no-data,,,,FALSE,FALSE,FALSE,FALSE,FALSE,FALSE,FALSE,FALSE,FALSE,FALSE,FALSE,TRUE,FALSE,TRUE,FALSE,FALSE,FALSE,TRUE,FALSE,FALSE,TRUE,TRUE,FALSE,FALSE,FALSE,FALSE,FALSE,FALSE,FALSE,FALSE,FALSE,FALSE,FALSE,FALSE,FALSE,FALSE,FALSE,FALSE,FALSE,FALSE,FALSE,FALSE,FALSE
TIBCO,TRUE,Jaspersoft,proprietary,FALSE,FALSE,FALSE,FALSE,FALSE,FALSE,FALSE,FALSE,https://www.jaspersoft.com/,,tibco.svg,https://twitter.com/tibco,https://www.crunchbase.com/organization/no-data,,,,FALSE,FALSE,FALSE,FALSE,FALSE,FALSE,FALSE,FALSE,FALSE,FALSE,FALSE,FALSE,FALSE,TRUE,TRUE,FALSE,FALSE,FALSE,FALSE,FALSE,FALSE,FALSE,FALSE,FALSE,FALSE,FALSE,FALSE,FALSE,FALSE,FALSE,FALSE,FALSE,FALSE,FALSE,FALSE,FALSE,FALSE,FALSE,FALSE,FALSE,FALSE,FALSE,FALSE
TIBCO,TRUE,ComputeDB,proprietary,FALSE,FALSE,FALSE,FALSE,FALSE,FALSE,FALSE,FALSE,https://www.tibco.com/products/tibco-computedb,,tibco.svg,https://twitter.com/tibco,https://www.crunchbase.com/organization/no-data,,,,FALSE,FALSE,FALSE,FALSE,FALSE,FALSE,FALSE,FALSE,FALSE,FALSE,FALSE,FALSE,FALSE,FALSE,FALSE,FALSE,FALSE,FALSE,FALSE,TRUE,FALSE,FALSE,FALSE,FALSE,FALSE,FALSE,FALSE,FALSE,FALSE,FALSE,FALSE,FALSE,FALSE,FALSE,FALSE,FALSE,FALSE,FALSE,FALSE,FALSE,FALSE,FALSE,FALSE
TIBCO,TRUE,Data Virtualization,proprietary,FALSE,FALSE,FALSE,FALSE,FALSE,FALSE,FALSE,FALSE,https://www.tibco.com/products/data-virtualization,,tibco.svg,https://twitter.com/tibco,https://www.crunchbase.com/organization/no-data,,,,FALSE,FALSE,FALSE,FALSE,FALSE,FALSE,FALSE,FALSE,FALSE,FALSE,FALSE,FALSE,FALSE,FALSE,FALSE,FALSE,FALSE,FALSE,FALSE,FALSE,FALSE,FALSE,FALSE,FALSE,TRUE,FALSE,FALSE,FALSE,FALSE,FALSE,FALSE,FALSE,FALSE,FALSE,FALSE,FALSE,FALSE,FALSE,FALSE,FALSE,FALSE,FALSE,FALSE
TIBCO,TRUE,Graph Database,proprietary,FALSE,FALSE,FALSE,FALSE,FALSE,FALSE,FALSE,FALSE,https://www.tibco.com/products/tibco-graph-database,,tibco.svg,https://twitter.com/tibco,https://www.crunchbase.com/organization/no-data,,,,FALSE,FALSE,FALSE,FALSE,FALSE,FALSE,FALSE,FALSE,FALSE,FALSE,FALSE,FALSE,FALSE,FALSE,FALSE,FALSE,FALSE,FALSE,FALSE,FALSE,FALSE,FALSE,FALSE,FALSE,FALSE,TRUE,FALSE,FALSE,FALSE,FALSE,FALSE,FALSE,FALSE,FALSE,FALSE,FALSE,FALSE,FALSE,FALSE,FALSE,FALSE,FALSE,FALSE
Bright Computing,FALSE,Bright Cluster Manager for Data Science,proprietary,FALSE,FALSE,FALSE,FALSE,FALSE,FALSE,FALSE,FALSE,https://www.brightcomputing.com/product-offerings/bright-cluster-manager-for-data-science,,bright-computing.svg,https://twitter.com/BrightComputing,https://www.crunchbase.com/organization/no-data,,,,FALSE,FALSE,FALSE,FALSE,FALSE,FALSE,FALSE,FALSE,FALSE,FALSE,FALSE,FALSE,FALSE,FALSE,FALSE,FALSE,FALSE,FALSE,FALSE,FALSE,FALSE,FALSE,FALSE,FALSE,FALSE,FALSE,FALSE,FALSE,FALSE,FALSE,FALSE,FALSE,FALSE,FALSE,FALSE,FALSE,TRUE,FALSE,TRUE,FALSE,FALSE,FALSE,FALSE
Open Data Hub,FALSE,Open Data Hub,full,TRUE,TRUE,FALSE,FALSE,FALSE,FALSE,FALSE,FALSE,https://www.opendatahub.io,,opendatahub.svg,https://twitter.com/opendatahubio,https://www.crunchbase.com/organization/no-data,"JupyterHub, Seldon-core, Argo Workflows, Ceph, Rook, Strimzi, Kafka, Kafka Streams, KSQL, Kafka Connect, Prometheus, Grafana, Apache Spark, Hue, Hive Metastore, Spark Thrift Server, Apache Superset, AI Library, BeakerX, Apache Airflow, Kubeflow, Kubeflow-Kaitib, Kubeflow-Tensorflow Serving, Kubeflow-PyTorch Serving, Kubeflow-NVIDIA TensorRT Inference Server, Kubeflow-TensorFlow Batch Predict, Kubeflow-Seldon, Kubeflow-TensorFlow Training (TF Job), Kubeflow Pipelines","Tensorflow, PyTorch","Fraud Detection, Edge",FALSE,FALSE,FALSE,FALSE,FALSE,FALSE,FALSE,FALSE,TRUE,FALSE,TRUE,TRUE,TRUE,TRUE,TRUE,TRUE,TRUE,TRUE,FALSE,TRUE,TRUE,TRUE,TRUE,FALSE,FALSE,FALSE,FALSE,FALSE,FALSE,FALSE,FALSE,FALSE,TRUE,FALSE,FALSE,FALSE,TRUE,TRUE,FALSE,FALSE,FALSE,FALSE,FALSE
Kubeflow,FALSE,Kubeflow,full,TRUE,FALSE,FALSE,FALSE,FALSE,FALSE,FALSE,FALSE,https://www.kubeflow.org/,https://github.com/kubeflow/kubeflow,kubeflow.svg,https://twitter.com/kubeflow,https://www.crunchbase.com/organization/no-data,"Kubeflow-Kaitib, MLFlow, Kubeflow-Tensorflow Serving, Kubeflow-PyTorch Serving, Kubeflow-NVIDIA TensorRT Inference Server, Kubeflow-TensorFlow Batch Predict, Kubeflow-Seldon, Seldon-core, Kubeflow-Jupyter Notebooks, Kubeflow-TensorFlow Training (TF Job), Kubeflow Pipelines",,,FALSE,FALSE,FALSE,FALSE,FALSE,FALSE,FALSE,TRUE,TRUE,FALSE,TRUE,FALSE,FALSE,FALSE,FALSE,FALSE,FALSE,FALSE,FALSE,FALSE,FALSE,FALSE,FALSE,FALSE,FALSE,FALSE,FALSE,FALSE,FALSE,FALSE,FALSE,FALSE,FALSE,FALSE,FALSE,FALSE,FALSE,FALSE,FALSE,FALSE,FALSE,FALSE,FALSE
RSpace,FALSE,ResearchSpace,partial,FALSE,FALSE,FALSE,FALSE,FALSE,FALSE,FALSE,FALSE,https://www.researchspace.com/,,rspace.svg,,https://www.crunchbase.com/organization/no-data,,,,FALSE,FALSE,FALSE,FALSE,FALSE,FALSE,FALSE,FALSE,FALSE,FALSE,FALSE,FALSE,FALSE,FALSE,FALSE,FALSE,FALSE,TRUE,FALSE,FALSE,FALSE,FALSE,FALSE,FALSE,TRUE,FALSE,FALSE,FALSE,FALSE,FALSE,FALSE,FALSE,TRUE,TRUE,TRUE,FALSE,FALSE,FALSE,FALSE,FALSE,FALSE,FALSE,FALSE
Dataverse,FALSE,Dataverse,full,FALSE,FALSE,FALSE,FALSE,FALSE,FALSE,FALSE,FALSE,https://dataverse.org/,,dataverse.svg,,https://www.crunchbase.com/organization/no-data,,,,FALSE,FALSE,FALSE,FALSE,FALSE,FALSE,FALSE,FALSE,FALSE,FALSE,FALSE,FALSE,FALSE,FALSE,FALSE,FALSE,FALSE,FALSE,FALSE,FALSE,FALSE,FALSE,FALSE,FALSE,FALSE,FALSE,FALSE,FALSE,FALSE,FALSE,FALSE,FALSE,TRUE,FALSE,FALSE,FALSE,FALSE,FALSE,FALSE,FALSE,FALSE,FALSE,FALSE
Gigaspaces,FALSE,InsightEdge,proprietary,FALSE,FALSE,TRUE,TRUE,FALSE,FALSE,FALSE,FALSE,https://www.gigaspaces.com/products/insightedge/,,gigaspaces.svg,,https://www.crunchbase.com/organization/gigaspaces-technologies,,,,FALSE,FALSE,FALSE,FALSE,FALSE,FALSE,FALSE,FALSE,FALSE,FALSE,FALSE,FALSE,FALSE,TRUE,FALSE,FALSE,FALSE,FALSE,FALSE,TRUE,TRUE,TRUE,FALSE,FALSE,TRUE,FALSE,FALSE,FALSE,FALSE,FALSE,FALSE,FALSE,FALSE,FALSE,FALSE,FALSE,FALSE,FALSE,FALSE,FALSE,FALSE,FALSE,FALSE
Red Hat,FALSE,Red Hat Integration - Data Virtualization,full,FALSE,TRUE,TRUE,FALSE,FALSE,FALSE,FALSE,FALSE,https://www.redhat.com/en/products/integration,https://github.com/teiid/teiid-operator,redhat.svg,,https://www.crunchbase.com/organization/no-data,,,,FALSE,FALSE,FALSE,FALSE,FALSE,FALSE,FALSE,FALSE,FALSE,FALSE,FALSE,FALSE,FALSE,FALSE,FALSE,TRUE,FALSE,FALSE,TRUE,FALSE,FALSE,FALSE,FALSE,TRUE,TRUE,FALSE,FALSE,FALSE,FALSE,TRUE,TRUE,TRUE,FALSE,FALSE,FALSE,FALSE,FALSE,FALSE,FALSE,FALSE,FALSE,FALSE,FALSE
Red Hat,FALSE,Red Hat Ceph Storage,full,TRUE,TRUE,TRUE,FALSE,FALSE,FALSE,FALSE,FALSE,https://www.redhat.com/en/technologies/storage/ceph,https://github.com/openshift/ocs-operator,redhat.svg,https://twitter.com/redhatstorage,https://www.crunchbase.com/organization/no-data,Ceph,,,FALSE,FALSE,FALSE,FALSE,FALSE,FALSE,FALSE,FALSE,FALSE,FALSE,FALSE,FALSE,FALSE,FALSE,FALSE,FALSE,FALSE,FALSE,FALSE,FALSE,FALSE,FALSE,TRUE,FALSE,FALSE,FALSE,FALSE,FALSE,FALSE,FALSE,FALSE,TRUE,FALSE,FALSE,TRUE,FALSE,FALSE,FALSE,FALSE,FALSE,FALSE,FALSE,FALSE
Red Hat,FALSE,Open Shift Container Storage,full,TRUE,TRUE,TRUE,FALSE,FALSE,FALSE,FALSE,FALSE,https://www.redhat.com/en/technologies/cloud-computing/openshift-container-storage,https://github.com/rook/rook,redhat.svg,https://twitter.com/redhatstorage,https://www.crunchbase.com/organization/no-data,"Ceph, OCS operator",,,FALSE,FALSE,FALSE,FALSE,FALSE,FALSE,FALSE,FALSE,FALSE,FALSE,FALSE,FALSE,FALSE,FALSE,FALSE,FALSE,FALSE,FALSE,FALSE,FALSE,FALSE,FALSE,TRUE,FALSE,FALSE,FALSE,FALSE,FALSE,FALSE,FALSE,FALSE,TRUE,FALSE,FALSE,TRUE,FALSE,FALSE,FALSE,FALSE,FALSE,FALSE,FALSE,FALSE
Red Hat,FALSE,Red Hat CodeReady Workspaces,full,FALSE,FALSE,FALSE,FALSE,FALSE,FALSE,FALSE,FALSE,https://www.redhat.com/en/technologies/jboss-middleware/codeready-workspaces,,redhat.svg,,https://www.crunchbase.com/organization/no-data,,,,FALSE,FALSE,FALSE,FALSE,FALSE,FALSE,FALSE,FALSE,FALSE,FALSE,TRUE,FALSE,FALSE,FALSE,FALSE,FALSE,FALSE,FALSE,FALSE,FALSE,FALSE,FALSE,FALSE,FALSE,FALSE,FALSE,FALSE,FALSE,FALSE,FALSE,FALSE,FALSE,FALSE,FALSE,FALSE,FALSE,FALSE,FALSE,FALSE,FALSE,FALSE,FALSE,FALSE
Red Hat,FALSE,Red Hat Decision Manager,full,FALSE,FALSE,FALSE,FALSE,FALSE,FALSE,FALSE,FALSE,https://www.redhat.com/en/technologies/jboss-middleware/decision-manager,,redhat.svg,,https://www.crunchbase.com/organization/no-data,,,Fraud Detection,FALSE,FALSE,FALSE,FALSE,FALSE,FALSE,FALSE,FALSE,FALSE,FALSE,FALSE,FALSE,FALSE,FALSE,FALSE,FALSE,FALSE,TRUE,FALSE,FALSE,TRUE,FALSE,FALSE,FALSE,FALSE,FALSE,FALSE,FALSE,FALSE,FALSE,FALSE,FALSE,FALSE,FALSE,FALSE,FALSE,FALSE,FALSE,FALSE,FALSE,FALSE,FALSE,FALSE
Red Hat,FALSE,Red Hat Process Automation Manager,full,FALSE,FALSE,FALSE,FALSE,FALSE,FALSE,FALSE,FALSE,https://www.redhat.com/en/technologies/jboss-middleware/process-automation-manager,,redhat.svg,,https://www.crunchbase.com/organization/no-data,,,Fraud Detection,FALSE,FALSE,FALSE,FALSE,FALSE,FALSE,FALSE,FALSE,FALSE,FALSE,FALSE,FALSE,FALSE,FALSE,FALSE,FALSE,FALSE,TRUE,FALSE,FALSE,TRUE,FALSE,FALSE,FALSE,FALSE,FALSE,FALSE,FALSE,FALSE,FALSE,FALSE,FALSE,FALSE,FALSE,FALSE,FALSE,FALSE,FALSE,FALSE,FALSE,FALSE,FALSE,FALSE
Red Hat,FALSE,Red Hat Integration - Fuse,full,FALSE,FALSE,FALSE,FALSE,FALSE,FALSE,FALSE,FALSE,https://www.redhat.com/en/resources/red-hat-fuse,,redhat.svg,,https://www.crunchbase.com/organization/no-data,,,,FALSE,FALSE,FALSE,FALSE,FALSE,FALSE,FALSE,FALSE,FALSE,FALSE,FALSE,FALSE,FALSE,FALSE,FALSE,FALSE,FALSE,FALSE,FALSE,FALSE,FALSE,FALSE,FALSE,FALSE,FALSE,FALSE,FALSE,FALSE,FALSE,FALSE,FALSE,FALSE,FALSE,FALSE,FALSE,FALSE,FALSE,FALSE,FALSE,TRUE,FALSE,FALSE,FALSE
Red Hat,FALSE,Red Hat Integration - AMQ,full,FALSE,FALSE,FALSE,FALSE,FALSE,FALSE,FALSE,FALSE,https://www.redhat.com/en/technologies/jboss-middleware/amq,,redhat.svg,,https://www.crunchbase.com/organization/no-data,Apache Kafka,,,FALSE,FALSE,FALSE,FALSE,FALSE,FALSE,FALSE,FALSE,FALSE,FALSE,FALSE,FALSE,FALSE,FALSE,FALSE,FALSE,TRUE,FALSE,FALSE,FALSE,TRUE,FALSE,FALSE,FALSE,FALSE,FALSE,FALSE,FALSE,FALSE,FALSE,FALSE,FALSE,FALSE,FALSE,FALSE,FALSE,FALSE,FALSE,FALSE,FALSE,FALSE,FALSE,FALSE
Red Hat,FALSE,Red Hat Data Grid,full,FALSE,FALSE,FALSE,FALSE,FALSE,FALSE,FALSE,FALSE,https://www.redhat.com/en/store/red-hat-data-grid,,redhat.svg,,https://www.crunchbase.com/organization/no-data,,,,FALSE,FALSE,FALSE,FALSE,FALSE,FALSE,FALSE,FALSE,FALSE,FALSE,FALSE,FALSE,FALSE,FALSE,FALSE,FALSE,FALSE,FALSE,FALSE,FALSE,FALSE,FALSE,FALSE,TRUE,FALSE,FALSE,FALSE,FALSE,FALSE,FALSE,FALSE,FALSE,FALSE,FALSE,FALSE,FALSE,FALSE,FALSE,FALSE,FALSE,FALSE,FALSE,FALSE
Red Hat,FALSE,Red Hat Integration - 3scale API Management,full,FALSE,FALSE,FALSE,FALSE,FALSE,FALSE,FALSE,FALSE,https://www.redhat.com/en/technologies/jboss-middleware/3scale,,redhat.svg,,https://www.crunchbase.com/organization/no-data,,,,FALSE,FALSE,FALSE,FALSE,FALSE,FALSE,FALSE,FALSE,FALSE,FALSE,FALSE,FALSE,FALSE,FALSE,FALSE,FALSE,FALSE,FALSE,FALSE,FALSE,FALSE,FALSE,FALSE,FALSE,FALSE,FALSE,FALSE,FALSE,FALSE,FALSE,FALSE,FALSE,FALSE,FALSE,FALSE,TRUE,FALSE,FALSE,FALSE,FALSE,FALSE,FALSE,FALSE
Red Hat,FALSE,Red Hat Single Sign-On,full,FALSE,FALSE,FALSE,FALSE,FALSE,FALSE,FALSE,FALSE,https://access.redhat.com/products/red-hat-single-sign-on,,redhat.svg,,https://www.crunchbase.com/organization/no-data,,,,FALSE,FALSE,FALSE,FALSE,FALSE,FALSE,FALSE,FALSE,FALSE,FALSE,FALSE,FALSE,FALSE,FALSE,FALSE,FALSE,FALSE,FALSE,FALSE,FALSE,FALSE,FALSE,FALSE,FALSE,FALSE,FALSE,FALSE,FALSE,FALSE,TRUE,FALSE,FALSE,FALSE,FALSE,FALSE,FALSE,FALSE,FALSE,FALSE,FALSE,FALSE,FALSE,FALSE
Red Hat,FALSE,Red Hat Advanced Cluster Management,full,FALSE,FALSE,FALSE,FALSE,FALSE,FALSE,FALSE,FALSE,https://www.redhat.com/en/technologies/management/advanced-cluster-management,,redhat.svg,,https://www.crunchbase.com/organization/no-data,,,,FALSE,FALSE,FALSE,FALSE,FALSE,FALSE,FALSE,FALSE,FALSE,FALSE,FALSE,FALSE,FALSE,FALSE,FALSE,FALSE,FALSE,FALSE,FALSE,FALSE,FALSE,FALSE,FALSE,FALSE,FALSE,FALSE,FALSE,FALSE,FALSE,FALSE,FALSE,FALSE,FALSE,FALSE,FALSE,FALSE,FALSE,FALSE,FALSE,FALSE,TRUE,FALSE,FALSE